bid_price,ask_price,open_interest,mark_price,creation_timestamp_x,volume,mark_iv,underlying_price,underlying_index,estimated_delivery_price,mid_price,price_index,expiration_timestamp,strike,settlement_period,option_type,instrument_id
0.01,0.011,1974.0,0.010438,1779371062006,1.0,59.2,2140.74,ETH-25DEC26,2105.75,0.0105,2105.81,25DEC26,4800,,C,ETH-25DEC26-4800-C
0.014,0.015,138.0,0.015217,1779371062006,0.0,51.13,2112.54,ETH-31JUL26,2105.75,0.0145,2105.81,31JUL26,2750,,C,ETH-31JUL26-2750-C
3.0985,3.4395,2.0,3.269876,1779371062006,0.0,105.28,2107.77,ETH-26JUN26,2105.75,3.269,2105.81,26JUN26,9000,,P,ETH-26JUN26-9000-P
0.486,0.577,1.0,0.519061,1779371062006,0.0,53.07,2112.51,ETH-31JUL26,2105.75,0.5315,2105.81,31JUL26,3200,,P,ETH-31JUL26-3200-P
0.9135,1.073,0.0,0.99345,1779371062006,0.0,99.48,2106.86,ETH-29MAY26,2105.75,0.99325,2105.81,29MAY26,4200,,P,ETH-29MAY26-4200-P
0.3475,0.362,430.0,0.354784,1779371062006,0.0,57.35,2140.74,ETH-25DEC26,2105.75,0.35475,2105.81,25DEC26,2700,,P,ETH-25DEC26-2700-P
0.3275,0.37,1.0,0.338552,1779371062006,0.0,51.28,2112.54,ETH-31JUL26,2105.75,0.34875,2105.81,31JUL26,2800,,P,ETH-31JUL26-2800-P
0.0001,0.0004,1328.0,0.000228,1779371062006,0.0,69.84,2122.13,ETH-25SEP26,2105.75,0.00025,2105.81,25SEP26,7500,,C,ETH-25SEP26-7500-C
2.0755,2.337,0.0,2.204653,1779371062006,0.0,67.68,2122.1,ETH-25SEP26,2105.75,2.20625,2105.81,25SEP26,6800,,P,ETH-25SEP26-6800-P
0.0725,0.074,613.0,0.073369,1779371062006,0.0,51.77,2112.51,ETH-31JUL26,2105.75,0.07325,2105.81,31JUL26,2200,,C,ETH-31JUL26-2200-C
0.189,0.2015,249.0,0.1963,1779371062006,0.0,50.83,2112.54,ETH-31JUL26,2105.75,0.19525,2105.81,31JUL26,2450,,P,ETH-31JUL26-2450-P
0.0016,0.002,1318.0,0.001741,1779371062006,29.0,48.76,2106.45,ETH-5JUN26,2105.75,0.0018,2105.81,5JUN26,2500,,C,ETH-5JUN26-2500-C
0.4155,0.493,0.0,0.427473,1779371062006,0.0,52.01,2112.51,ETH-31JUL26,2105.75,0.45425,2105.81,31JUL26,3000,,P,ETH-31JUL26-3000-P
0.0021,0.0027,2889.0,0.002374,1779371062006,5.0,63.93,2140.74,ETH-25DEC26,2105.75,0.0024,2105.81,25DEC26,7000,,C,ETH-25DEC26-7000-C
0.0365,0.0375,60.0,0.037044,1779371062006,120.0,47.3,2107.05,ETH-12JUN26,2105.75,0.037,2105.81,12JUN26,2150,,C,ETH-12JUN26-2150-C
0.0235,0.025,50.0,0.024331,1779371062006,50.0,39.43,2105.75,index_price,2105.75,0.02425,2105.81,25MAY26,2075,,C,ETH-25MAY26-2075-C
,0.0001,4493.0,1.2e-05,1779371062006,0.0,149.46,2106.86,ETH-29MAY26,2105.75,,2105.81,29MAY26,1000,,P,ETH-29MAY26-1000-P
0.0085,0.009,23951.0,0.008862,1779371062006,1290.0,47.59,2106.86,ETH-29MAY26,2105.75,0.00875,2105.81,29MAY26,2000,,P,ETH-29MAY26-2000-P
,0.0001,1233.0,0.0,1779371062006,0.0,99.48,2106.86,ETH-29MAY26,2105.75,,2105.81,29MAY26,4200,,C,ETH-29MAY26-4200-C
0.094,0.1865,0.0,0.139703,1779371062006,0.0,61.39,2105.75,index_price,2105.75,0.14025,2105.81,24MAY26,2400,,P,ETH-24MAY26-2400-P
0.1005,0.1025,3857.0,0.101471,1779371062006,0.0,60.38,2140.74,ETH-25DEC26,2105.75,0.1015,2105.81,25DEC26,1800,,P,ETH-25DEC26-1800-P
0.0008,0.001,2.0,0.00092,1779371062006,2.0,58.18,2105.75,index_price,2105.75,0.0009,2105.81,25MAY26,1900,,P,ETH-25MAY26-1900-P
0.008,0.0095,3576.0,0.008927,1779371062006,2.0,59.71,2140.77,ETH-25DEC26,2105.75,0.00875,2105.81,25DEC26,5000,,C,ETH-25DEC26-5000-C
0.447,0.461,260.0,0.455628,1779371062006,0.0,59.09,2162.66,ETH-26MAR27,2105.75,0.454,2105.81,26MAR27,2900,,P,ETH-26MAR27-2900-P
,0.0001,1827.0,0.0,1779371062006,0.0,105.35,2107.74,ETH-26JUN26,2105.75,,2105.81,26JUN26,11000,,C,ETH-26JUN26-11000-C
,0.0001,4384.0,1e-06,1779371062006,0.0,99.48,2106.89,ETH-29MAY26,2105.75,,2105.81,29MAY26,3800,,C,ETH-29MAY26-3800-C
0.0023,0.0029,8560.0,0.002563,1779371062006,5.0,58.5,2122.13,ETH-25SEP26,2105.75,0.0026,2105.81,25SEP26,4500,,C,ETH-25SEP26-4500-C
0.094,0.0955,217.0,0.094882,1779371062006,0.0,52.58,2112.54,ETH-31JUL26,2105.75,0.09475,2105.81,31JUL26,2100,,C,ETH-31JUL26-2100-C
0.9715,1.19,0.0,1.069556,1779371062006,0.0,59.62,2162.64,ETH-26MAR27,2105.75,1.08075,2105.81,26MAR27,4400,,P,ETH-26MAR27-4400-P
0.371,0.4345,3.0,0.382404,1779371062006,0.0,51.39,2112.54,ETH-31JUL26,2105.75,0.40275,2105.81,31JUL26,2900,,P,ETH-31JUL26-2900-P
0.0003,0.0005,3623.0,0.000314,1779371062006,1234.0,52.14,2105.64,ETH-22MAY26,2105.75,0.0004,2105.81,22MAY26,2200,,C,ETH-22MAY26-2200-C
0.0575,0.0705,0.0,0.06323,1779371062006,0.0,60.3,2105.75,index_price,2105.75,0.064,2105.81,23MAY26,1975,,C,ETH-23MAY26-1975-C
0.2075,0.3105,10.0,0.258039,1779371062006,0.0,64.84,2106.86,ETH-29MAY26,2105.75,0.259,2105.81,29MAY26,2650,,P,ETH-29MAY26-2650-P
0.0002,0.0005,2039.0,0.000321,1779371062006,0.0,68.5,2122.13,ETH-25SEP26,2105.75,0.00035,2105.81,25SEP26,7000,,C,ETH-25SEP26-7000-C
0.076,0.0785,50.0,0.077067,1779371062006,50.0,49.95,2107.05,ETH-12JUN26,2105.75,0.07725,2105.81,12JUN26,2000,,C,ETH-12JUN26-2000-C
3.975,4.395,0.0,4.183564,1779371062006,0.0,84.67,2122.13,ETH-25SEP26,2105.75,4.185,2105.81,25SEP26,11000,,P,ETH-25SEP26-11000-P
0.5095,0.6115,2.0,0.570331,1779371062006,0.0,54.43,2122.1,ETH-25SEP26,2105.75,0.5605,2105.81,25SEP26,3300,,P,ETH-25SEP26-3300-P
0.0039,0.0044,16511.0,0.004116,1779371062006,292.0,49.58,2107.74,ETH-26JUN26,2105.75,0.00415,2105.81,26JUN26,2700,,C,ETH-26JUN26-2700-C
0.562,0.6035,54.0,0.563291,1779371062006,18.0,71.59,2162.64,ETH-26MAR27,2105.75,0.58275,2105.81,26MAR27,1000,,C,ETH-26MAR27-1000-C
,0.0001,3260.0,0.0,1779371062006,0.0,109.87,2107.77,ETH-26JUN26,2105.75,,2105.81,26JUN26,13000,,C,ETH-26JUN26-13000-C
,0.0001,2749.0,0.0,1779371062006,0.0,110.09,2107.74,ETH-26JUN26,2105.75,,2105.81,26JUN26,15000,,C,ETH-26JUN26-15000-C
0.0001,0.0003,1105.0,0.000206,1779371062006,0.0,72.32,2122.13,ETH-25SEP26,2105.75,0.0002,2105.81,25SEP26,8000,,C,ETH-25SEP26-8000-C
,0.0001,2001.0,0.0,1779371062006,0.0,105.35,2107.74,ETH-26JUN26,2105.75,,2105.81,26JUN26,10000,,C,ETH-26JUN26-10000-C
,0.0004,3128.0,4.1e-05,1779371062006,0.0,85.59,2107.77,ETH-26JUN26,2105.75,,2105.81,26JUN26,5200,,C,ETH-26JUN26-5200-C
0.012,0.013,2452.0,0.012977,1779371062006,188.0,45.39,2106.45,ETH-5JUN26,2105.75,0.0125,2105.81,5JUN26,2250,,C,ETH-5JUN26-2250-C
1.915,2.1735,0.0,2.039468,1779371062006,0.0,63.11,2140.74,ETH-25DEC26,2105.75,2.04425,2105.81,25DEC26,6500,,P,ETH-25DEC26-6500-P
0.0775,0.082,472.0,0.081095,1779371062006,100.0,45.39,2106.45,ETH-5JUN26,2105.75,0.07975,2105.81,5JUN26,2250,,P,ETH-5JUN26-2250-P
0.058,0.062,6824.0,0.059599,1779371062006,69.0,47.59,2106.86,ETH-29MAY26,2105.75,0.06,2105.81,29MAY26,2000,,C,ETH-29MAY26-2000-C
0.0165,0.0175,51.0,0.016951,1779371062006,51.0,38.2,2105.75,index_price,2105.75,0.017,2105.81,25MAY26,2100,,C,ETH-25MAY26-2100-C
0.971,0.9945,526.0,0.982886,1779371062006,0.0,57.29,2122.1,ETH-25SEP26,2105.75,0.98275,2105.81,25SEP26,4200,,P,ETH-25SEP26-4200-P
0.063,0.0645,786.0,0.064202,1779371062006,1.0,59.09,2162.64,ETH-26MAR27,2105.75,0.06375,2105.81,26MAR27,3600,,C,ETH-26MAR27-3600-C
0.2015,0.2065,273.0,0.203617,1779371062006,0.0,59.3,2107.77,ETH-26JUN26,2105.75,0.204,2105.81,26JUN26,1700,,C,ETH-26JUN26-1700-C
0.0125,0.013,2196.0,0.012764,1779371062006,15.0,50.81,2106.45,ETH-5JUN26,2105.75,0.01275,2105.81,5JUN26,1950,,P,ETH-5JUN26-1950-P
0.606,0.6985,3.0,0.647749,1779371062006,0.0,59.08,2162.64,ETH-26MAR27,2105.75,0.65225,2105.81,26MAR27,3400,,P,ETH-26MAR27-3400-P
0.0001,0.0003,7017.0,0.000176,1779371062006,45.0,66.02,2107.77,ETH-26JUN26,2105.75,0.0002,2105.81,26JUN26,3800,,C,ETH-26JUN26-3800-C
0.006,0.007,15893.0,0.006439,1779371062006,4.0,48.55,2107.74,ETH-26JUN26,2105.75,0.0065,2105.81,26JUN26,2600,,C,ETH-26JUN26-2600-C
0.5985,0.6805,2.0,0.612116,1779371062006,0.0,54.56,2112.54,ETH-31JUL26,2105.75,0.6395,2105.81,31JUL26,3400,,P,ETH-31JUL26-3400-P
0.1035,0.1055,1458.0,0.104873,1779371062006,0.0,57.36,2140.74,ETH-25DEC26,2105.75,0.1045,2105.81,25DEC26,2600,,C,ETH-25DEC26-2600-C
0.0575,0.0585,95.0,0.058112,1779371062006,21.0,54.32,2112.51,ETH-31JUL26,2105.75,0.058,2105.81,31JUL26,1950,,P,ETH-31JUL26-1950-P
0.0925,0.132,231.0,0.100419,1779371062006,0.0,45.47,2106.45,ETH-5JUN26,2105.75,0.11225,2105.81,5JUN26,2300,,P,ETH-5JUN26-2300-P
0.001,0.0011,1506.0,0.001143,1779371062006,7.0,56.04,2105.75,index_price,2105.75,0.00105,2105.81,24MAY26,1950,,P,ETH-24MAY26-1950-P
0.055,0.0565,1883.0,0.056169,1779371062006,0.0,51.35,2112.51,ETH-31JUL26,2105.75,0.05575,2105.81,31JUL26,2300,,C,ETH-31JUL26-2300-C
,0.0001,1463.0,4.1e-05,1779371062006,0.0,88.82,2107.77,ETH-26JUN26,2105.75,,2105.81,26JUN26,5400,,C,ETH-26JUN26-5400-C
0.0175,0.019,1747.0,0.018154,1779371062006,0.0,58.2,2140.74,ETH-25DEC26,2105.75,0.01825,2105.81,25DEC26,4200,,C,ETH-25DEC26-4200-C
0.2385,0.2575,0.0,0.243731,1779371062006,0.0,68.7,2107.05,ETH-12JUN26,2105.75,0.248,2105.81,12JUN26,1600,,C,ETH-12JUN26-1600-C
0.2305,0.335,41.0,0.281732,1779371062006,0.0,68.17,2106.86,ETH-29MAY26,2105.75,0.28275,2105.81,29MAY26,2700,,P,ETH-29MAY26-2700-P
0.038,0.062,0.0,0.042975,1779371062006,0.0,43.55,2105.75,index_price,2105.75,0.05,2105.81,25MAY26,2025,,C,ETH-25MAY26-2025-C
0.0715,0.1615,0.0,0.115988,1779371062006,0.0,53.83,2105.75,index_price,2105.75,0.1165,2105.81,24MAY26,2350,,P,ETH-24MAY26-2350-P
0.0009,0.0012,243.0,0.000994,1779371062006,42.0,43.25,2105.75,index_price,2105.75,0.00105,2105.81,23MAY26,2200,,C,ETH-23MAY26-2200-C
0.02,0.067,0.0,0.035624,1779371062006,0.0,37.79,2105.75,index_price,2105.75,0.0435,2105.81,24MAY26,2175,,P,ETH-24MAY26-2175-P
0.0001,0.0006,1252.0,0.000177,1779371062006,0.0,74.26,2122.1,ETH-25SEP26,2105.75,0.00035,2105.81,25SEP26,8500,,C,ETH-25SEP26-8500-C
0.0006,0.0008,29.0,0.000621,1779371062006,20.0,43.3,2105.75,index_price,2105.75,0.0007,2105.81,24MAY26,2250,,C,ETH-24MAY26-2250-C
1.2305,1.462,0.0,1.335541,1779371062006,0.0,60.4,2162.64,ETH-26MAR27,2105.75,1.34625,2105.81,26MAR27,5000,,P,ETH-26MAR27-5000-P
0.001,0.0011,20999.0,0.000991,1779371062006,251.0,48.7,2106.86,ETH-29MAY26,2105.75,0.00105,2105.81,29MAY26,2400,,C,ETH-29MAY26-2400-C
1.105,1.2115,6.0,1.123054,1779371062006,0.0,58.5,2122.13,ETH-25SEP26,2105.75,1.15825,2105.81,25SEP26,4500,,P,ETH-25SEP26-4500-P
0.017,0.0185,751.0,0.018039,1779371062006,739.0,37.44,2105.75,index_price,2105.75,0.01775,2105.81,24MAY26,2125,,P,ETH-24MAY26-2125-P
0.006,0.007,111.0,0.006487,1779371062006,111.0,41.31,2105.75,index_price,2105.75,0.0065,2105.81,25MAY26,2050,,P,ETH-25MAY26-2050-P
,0.0001,3618.0,0.0,1779371062006,0.0,106.04,2107.74,ETH-26JUN26,2105.75,,2105.81,26JUN26,12000,,C,ETH-26JUN26-12000-C
0.0345,0.036,848.0,0.035043,1779371062006,1.0,59.62,2162.64,ETH-26MAR27,2105.75,0.03525,2105.81,26MAR27,4400,,C,ETH-26MAR27-4400-C
0.457,0.4775,705.0,0.467488,1779371062006,0.0,57.23,2140.74,ETH-25DEC26,2105.75,0.46725,2105.81,25DEC26,3000,,P,ETH-25DEC26-3000-P
0.238,0.249,3248.0,0.244645,1779371062006,0.0,54.13,2122.1,ETH-25SEP26,2105.75,0.2435,2105.81,25SEP26,2500,,P,ETH-25SEP26-2500-P
,0.0002,1989.0,6.9e-05,1779371062006,0.0,87.58,2122.13,ETH-25SEP26,2105.75,,2105.81,25SEP26,13000,,C,ETH-25SEP26-13000-C
2.2565,2.533,0.0,2.393104,1779371062006,0.0,69.84,2122.13,ETH-25SEP26,2105.75,2.39475,2105.81,25SEP26,7200,,P,ETH-25SEP26-7200-P
0.0006,0.0009,14999.0,0.000704,1779371062006,36.0,56.91,2107.77,ETH-26JUN26,2105.75,0.00075,2105.81,26JUN26,3200,,C,ETH-26JUN26-3200-C
0.059,0.0775,0.0,0.064487,1779371062006,0.0,48.93,2105.75,index_price,2105.75,0.06825,2105.81,25MAY26,1975,,C,ETH-25MAY26-1975-C
0.019,0.0205,707.0,0.020328,1779371062006,2.0,50.85,2112.54,ETH-31JUL26,2105.75,0.01975,2105.81,31JUL26,2650,,C,ETH-31JUL26-2650-C
,0.0001,3614.0,0.0,1779371062006,0.0,110.0,2107.77,ETH-26JUN26,2105.75,,2105.81,26JUN26,14000,,C,ETH-26JUN26-14000-C
0.006,0.007,9705.0,0.006575,1779371062006,436.0,63.65,2107.74,ETH-26JUN26,2105.75,0.0065,2105.81,26JUN26,1600,,P,ETH-26JUN26-1600-P
0.0095,0.0105,246.0,0.010275,1779371062006,81.0,41.91,2105.75,index_price,2105.75,0.01,2105.81,23MAY26,2100,,P,ETH-23MAY26-2100-P
0.013,0.0145,1487.0,0.013672,1779371062006,1.0,58.69,2140.77,ETH-25DEC26,2105.75,0.01375,2105.81,25DEC26,4500,,C,ETH-25DEC26-4500-C
0.0008,0.0012,6617.0,0.000968,1779371062006,3.0,55.5,2107.74,ETH-26JUN26,2105.75,0.001,2105.81,26JUN26,3100,,C,ETH-26JUN26-3100-C
0.522,0.5285,2.0,0.525379,1779371062006,0.0,149.46,2106.86,ETH-29MAY26,2105.75,0.52525,2105.81,29MAY26,1000,,C,ETH-29MAY26-1000-C
0.192,0.195,167.0,0.193152,1779371062006,0.0,59.79,2162.64,ETH-26MAR27,2105.75,0.1935,2105.81,26MAR27,2300,,C,ETH-26MAR27-2300-C
0.0004,0.0007,1915.0,0.000468,1779371062006,0.0,66.32,2122.13,ETH-25SEP26,2105.75,0.00055,2105.81,25SEP26,6400,,C,ETH-25SEP26-6400-C
0.1605,0.167,2105.0,0.163536,1779371062006,0.0,51.73,2106.86,ETH-29MAY26,2105.75,0.16375,2105.81,29MAY26,2450,,P,ETH-29MAY26-2450-P
0.0125,0.0135,1780.0,0.012917,1779371062006,1.0,61.5,2162.64,ETH-26MAR27,2105.75,0.013,2105.81,26MAR27,6000,,C,ETH-26MAR27-6000-C
0.5915,0.772,49.0,0.672441,1779371062006,0.0,57.36,2140.74,ETH-25DEC26,2105.75,0.68175,2105.81,25DEC26,3500,,P,ETH-25DEC26-3500-P
0.0715,0.162,0.0,0.11607,1779371062007,0.0,64.77,2105.75,index_price,2105.75,0.11675,2105.81,23MAY26,2350,,P,ETH-23MAY26-2350-P
0.007,0.008,932.0,0.007357,1779371062007,333.0,40.74,2105.75,index_price,2105.75,0.0075,2105.81,23MAY26,2125,,C,ETH-23MAY26-2125-C
0.0001,0.0003,1.0,0.00016,1779371062007,1.0,53.83,2105.75,index_price,2105.75,0.0002,2105.81,24MAY26,2350,,C,ETH-24MAY26-2350-C
0.6395,0.7435,5.0,0.688035,1779371062007,0.0,59.09,2162.64,ETH-26MAR27,2105.75,0.6915,2105.81,26MAR27,3500,,P,ETH-26MAR27-3500-P
0.6505,0.669,1137.0,0.66017,1779371062007,0.0,54.97,2122.13,ETH-25SEP26,2105.75,0.65975,2105.81,25SEP26,3500,,P,ETH-25SEP26-3500-P
0.007,0.008,8537.0,0.007451,1779371062007,1.0,59.91,2140.77,ETH-25DEC26,2105.75,0.0075,2105.81,25DEC26,5200,,C,ETH-25DEC26-5200-C
0.0003,0.0006,1334.0,0.000426,1779371062007,0.0,66.52,2122.13,ETH-25SEP26,2105.75,0.00045,2105.81,25SEP26,6500,,C,ETH-25SEP26-6500-C
0.321,0.4325,5.0,0.376481,1779371062007,0.0,73.44,2106.86,ETH-29MAY26,2105.75,0.37675,2105.81,29MAY26,2900,,P,ETH-29MAY26-2900-P
0.4285,0.4515,38.0,0.431888,1779371062007,0.0,84.75,2107.77,ETH-26JUN26,2105.75,0.44,2105.81,26JUN26,1200,,C,ETH-26JUN26-1200-C
0.1655,0.177,96.0,0.170574,1779371062007,0.0,69.11,2106.86,ETH-29MAY26,2105.75,0.17125,2105.81,29MAY26,1750,,C,ETH-29MAY26-1750-C
0.026,0.0275,905.0,0.027234,1779371062007,3.0,50.72,2112.51,ETH-31JUL26,2105.75,0.02675,2105.81,31JUL26,2550,,C,ETH-31JUL26-2550-C
0.0255,0.0535,50.0,0.030363,1779371062007,0.0,47.7,2105.75,index_price,2105.75,0.0395,2105.81,23MAY26,2050,,C,ETH-23MAY26-2050-C
0.0255,0.067,0.0,0.041687,1779371062007,0.0,45.09,2105.75,index_price,2105.75,0.04625,2105.81,24MAY26,2025,,C,ETH-24MAY26-2025-C
2.618,2.9245,0.0,2.769968,1779371062007,0.0,72.32,2122.13,ETH-25SEP26,2105.75,2.77125,2105.81,25SEP26,8000,,P,ETH-25SEP26-8000-P
0.0006,0.0008,103.0,0.000758,1779371062007,46.0,64.5,2105.75,index_price,2105.75,0.0007,2105.81,23MAY26,1950,,P,ETH-23MAY26-1950-P
0.0002,0.0006,1467.0,0.000355,1779371062007,0.0,67.68,2122.1,ETH-25SEP26,2105.75,0.0004,2105.81,25SEP26,6800,,C,ETH-25SEP26-6800-C
1.068,1.2695,0.0,1.161153,1779371062007,0.0,58.82,2140.74,ETH-25DEC26,2105.75,1.16875,2105.81,25DEC26,4600,,P,ETH-25DEC26-4600-P
0.144,0.1705,0.0,0.150298,1779371062007,0.0,59.22,2106.45,ETH-5JUN26,2105.75,0.15725,2105.81,5JUN26,1800,,C,ETH-5JUN26-1800-C
0.0085,0.01,2399.0,0.009328,1779371062007,1.0,55.36,2122.13,ETH-25SEP26,2105.75,0.00925,2105.81,25SEP26,3600,,C,ETH-25SEP26-3600-C
1.105,1.2605,38.0,1.169892,1779371062007,0.0,58.92,2122.1,ETH-25SEP26,2105.75,1.18275,2105.81,25SEP26,4600,,P,ETH-25SEP26-4600-P
0.0001,0.0002,22411.0,0.000133,1779371062007,20.0,72.49,2106.86,ETH-29MAY26,2105.75,0.00015,2105.81,29MAY26,2800,,C,ETH-29MAY26-2800-C
0.0985,0.1475,0.0,0.113076,1779371062007,0.0,53.04,2107.05,ETH-12JUN26,2105.75,0.123,2105.81,12JUN26,1900,,C,ETH-12JUN26-1900-C
0.014,0.015,335.0,0.014768,1779371062007,286.0,38.34,2105.75,index_price,2105.75,0.0145,2105.81,24MAY26,2100,,C,ETH-24MAY26-2100-C
0.0305,0.06,0.0,0.036994,1779371062007,0.0,37.55,2105.75,index_price,2105.75,0.04525,2105.81,25MAY26,2175,,P,ETH-25MAY26-2175-P
0.0345,0.036,945.0,0.03564,1779371062007,519.0,46.4,2106.45,ETH-5JUN26,2105.75,0.03525,2105.81,5JUN26,2100,,P,ETH-5JUN26-2100-P
5.7835,6.3505,0.0,6.068369,1779371062007,0.0,93.26,2122.13,ETH-25SEP26,2105.75,6.067,2105.81,25SEP26,15000,,P,ETH-25SEP26-15000-P
4.427,4.884,0.0,4.654718,1779371062007,0.0,84.68,2122.13,ETH-25SEP26,2105.75,4.6555,2105.81,25SEP26,12000,,P,ETH-25SEP26-12000-P
0.083,0.084,199.0,0.08366,1779371062007,0.0,52.17,2112.51,ETH-31JUL26,2105.75,0.0835,2105.81,31JUL26,2150,,C,ETH-31JUL26-2150-C
0.0285,0.0585,0.0,0.033148,1779371062007,0.0,41.31,2105.75,index_price,2105.75,0.0435,2105.81,25MAY26,2050,,C,ETH-25MAY26-2050-C
0.0645,0.066,3033.0,0.066136,1779371062007,0.0,57.23,2140.77,ETH-25DEC26,2105.75,0.06525,2105.81,25DEC26,3000,,C,ETH-25DEC26-3000-C
0.8915,1.0845,61.0,0.980028,1779371062007,0.0,58.2,2140.74,ETH-25DEC26,2105.75,0.988,2105.81,25DEC26,4200,,P,ETH-25DEC26-4200-P
0.0495,0.1375,0.0,0.09238,1779371062007,0.0,48.47,2105.75,index_price,2105.75,0.0935,2105.81,24MAY26,2300,,P,ETH-24MAY26-2300-P
0.229,0.2315,62.0,0.230367,1779371062007,1.0,60.38,2162.66,ETH-26MAR27,2105.75,0.23025,2105.81,26MAR27,2100,,C,ETH-26MAR27-2100-C
0.224,0.25,0.0,0.235202,1779371062007,0.0,51.68,2106.45,ETH-5JUN26,2105.75,0.237,2105.81,5JUN26,2600,,P,ETH-5JUN26-2600-P
0.004,0.0046,3875.0,0.004326,1779371062007,0.0,53.07,2112.54,ETH-31JUL26,2105.75,0.0043,2105.81,31JUL26,3200,,C,ETH-31JUL26-3200-C
0.193,0.1955,8235.0,0.194367,1779371062007,0.0,58.17,2140.77,ETH-25DEC26,2105.75,0.19425,2105.81,25DEC26,2200,,P,ETH-25DEC26-2200-P
0.0355,0.058,0.0,0.04082,1779371062007,0.0,51.53,2105.75,index_price,2105.75,0.04675,2105.81,23MAY26,2025,,C,ETH-23MAY26-2025-C
0.0475,0.049,2982.0,0.048913,1779371062007,0.0,51.19,2112.51,ETH-31JUL26,2105.75,0.04825,2105.81,31JUL26,2350,,C,ETH-31JUL26-2350-C
0.0105,0.0115,699.0,0.011082,1779371062007,699.0,37.21,2105.75,index_price,2105.75,0.011,2105.81,25MAY26,2125,,C,ETH-25MAY26-2125-C
0.3195,0.3265,338.0,0.322422,1779371062007,0.0,63.12,2122.1,ETH-25SEP26,2105.75,0.323,2105.81,25SEP26,1500,,C,ETH-25SEP26-1500-C
0.2095,0.2185,377.0,0.214992,1779371062007,0.0,50.77,2112.51,ETH-31JUL26,2105.75,0.214,2105.81,31JUL26,2500,,P,ETH-31JUL26-2500-P
0.021,0.0235,90.0,0.022427,1779371062007,90.0,40.12,2105.75,index_price,2105.75,0.02225,2105.81,24MAY26,2075,,C,ETH-24MAY26-2075-C
0.0001,0.0003,235.0,0.000215,1779371062007,215.0,77.8,2105.75,index_price,2105.75,0.0002,2105.81,24MAY26,1800,,P,ETH-24MAY26-1800-P
0.3265,0.336,6024.0,0.331145,1779371062007,1.0,50.92,2107.77,ETH-26JUN26,2105.75,0.33125,2105.81,26JUN26,2800,,P,ETH-26JUN26-2800-P
0.007,0.008,1407.0,0.007409,1779371062007,5.0,52.01,2112.54,ETH-31JUL26,2105.75,0.0075,2105.81,31JUL26,3000,,C,ETH-31JUL26-3000-C
0.186,0.189,676.0,0.187008,1779371062007,2.0,58.59,2140.77,ETH-25DEC26,2105.75,0.1875,2105.81,25DEC26,2100,,C,ETH-25DEC26-2100-C
,0.0002,5003.0,9.1e-05,1779371062007,0.0,79.93,2107.77,ETH-26JUN26,2105.75,,2105.81,26JUN26,4600,,C,ETH-26JUN26-4600-C
0.0007,0.0009,447.0,0.000821,1779371062007,293.0,58.26,2105.64,ETH-22MAY26,2105.75,0.0008,2105.81,22MAY26,2025,,P,ETH-22MAY26-2025-P
0.009,0.01,1389.0,0.009675,1779371062007,4.0,51.39,2112.51,ETH-31JUL26,2105.75,0.0095,2105.81,31JUL26,2900,,C,ETH-31JUL26-2900-C
0.066,0.072,6740.0,0.068688,1779371062007,1150.0,65.84,2105.64,ETH-22MAY26,2105.75,0.069,2105.81,22MAY26,2250,,P,ETH-22MAY26-2250-P
0.525,0.528,518.0,0.526109,1779371062007,0.0,98.47,2107.74,ETH-26JUN26,2105.75,0.5265,2105.81,26JUN26,1000,,C,ETH-26JUN26-1000-C
0.026,0.0275,581.0,0.026639,1779371062007,0.0,60.04,2162.64,ETH-26MAR27,2105.75,0.02675,2105.81,26MAR27,4800,,C,ETH-26MAR27-4800-C
0.021,0.022,1514.0,0.021991,1779371062007,23.0,54.14,2122.13,ETH-25SEP26,2105.75,0.0215,2105.81,25SEP26,3100,,C,ETH-25SEP26-3100-C
0.052,0.0535,68.0,0.052401,1779371062007,18.0,47.36,2106.45,ETH-5JUN26,2105.75,0.05275,2105.81,5JUN26,2050,,C,ETH-5JUN26-2050-C
0.1365,0.1555,0.0,0.145539,1779371062007,0.0,77.8,2105.75,index_price,2105.75,0.146,2105.81,24MAY26,1800,,C,ETH-24MAY26-1800-C
0.0001,0.0003,13122.0,0.000176,1779371062007,0.0,71.05,2107.77,ETH-26JUN26,2105.75,0.0002,2105.81,26JUN26,4000,,C,ETH-26JUN26-4000-C
0.0375,0.039,3441.0,0.03854,1779371062007,11.0,61.29,2122.13,ETH-25SEP26,2105.75,0.03825,2105.81,25SEP26,1600,,P,ETH-25SEP26-1600-P
0.0455,0.047,1315.0,0.047081,1779371062007,0.0,57.32,2140.74,ETH-25DEC26,2105.75,0.04625,2105.81,25DEC26,3300,,C,ETH-25DEC26-3300-C
0.0205,0.024,11084.0,0.022396,1779371062007,64.0,41.81,2105.64,ETH-22MAY26,2105.75,0.02225,2105.81,22MAY26,2150,,P,ETH-22MAY26-2150-P
0.059,0.0605,14078.0,0.059948,1779371062007,638.0,49.61,2107.74,ETH-26JUN26,2105.75,0.05975,2105.81,26JUN26,2100,,P,ETH-26JUN26-2100-P
0.257,0.2985,2.0,0.261083,1779371062007,0.0,61.39,2112.51,ETH-31JUL26,2105.75,0.27775,2105.81,31JUL26,1600,,C,ETH-31JUL26-1600-C
0.1335,0.179,3.0,0.143011,1779371062007,0.0,46.46,2106.45,ETH-5JUN26,2105.75,0.15625,2105.81,5JUN26,2400,,P,ETH-5JUN26-2400-P
0.0005,0.0007,1291.0,0.000569,1779371062007,1056.0,46.03,2105.75,index_price,2105.75,0.0006,2105.81,23MAY26,2225,,C,ETH-23MAY26-2225-C
0.464,0.47,290.0,0.466476,1779371062007,0.0,68.61,2140.74,ETH-25DEC26,2105.75,0.467,2105.81,25DEC26,1200,,C,ETH-25DEC26-1200-C
0.0365,0.038,23299.0,0.037546,1779371062007,0.0,57.36,2140.74,ETH-25DEC26,2105.75,0.03725,2105.81,25DEC26,3500,,C,ETH-25DEC26-3500-C
0.022,0.026,357.0,0.024827,1779371062007,401.0,40.69,2105.75,index_price,2105.75,0.024,2105.81,23MAY26,2150,,P,ETH-23MAY26-2150-P
0.313,0.32,309.0,0.317908,1779371062007,0.0,59.39,2162.64,ETH-26MAR27,2105.75,0.3165,2105.81,26MAR27,2500,,P,ETH-26MAR27-2500-P
,0.0003,6336.0,2e-06,1779371062007,0.0,91.99,2107.74,ETH-26JUN26,2105.75,,2105.81,26JUN26,7000,,C,ETH-26JUN26-7000-C
0.038,0.087,0.0,0.045717,1779371062007,0.0,43.25,2105.75,index_price,2105.75,0.0625,2105.81,23MAY26,2200,,P,ETH-23MAY26-2200-P
0.0265,0.028,2596.0,0.027011,1779371062007,7.0,68.61,2140.74,ETH-25DEC26,2105.75,0.02725,2105.81,25DEC26,1200,,P,ETH-25DEC26-1200-P
1.7325,1.9615,5.0,1.8466,1779371062007,0.0,91.99,2107.77,ETH-26JUN26,2105.75,1.847,2105.81,26JUN26,6000,,P,ETH-26JUN26-6000-P
0.0026,0.0033,4414.0,0.002881,1779371062007,0.0,58.04,2122.1,ETH-25SEP26,2105.75,0.00295,2105.81,25SEP26,4400,,C,ETH-25SEP26-4400-C
0.0006,0.0008,9009.0,0.00069,1779371062007,315.0,51.73,2106.86,ETH-29MAY26,2105.75,0.0007,2105.81,29MAY26,2450,,C,ETH-29MAY26-2450-C
0.0165,0.1005,0.0,0.057439,1779371062007,0.0,40.87,2105.75,index_price,2105.75,0.0585,2105.81,24MAY26,2225,,P,ETH-24MAY26-2225-P
0.1425,0.159,71.0,0.14731,1779371062007,0.0,64.14,2106.86,ETH-29MAY26,2105.75,0.15075,2105.81,29MAY26,1800,,C,ETH-29MAY26-1800-C
0.0155,0.0165,7948.0,0.016209,1779371062007,526.0,55.99,2107.74,ETH-26JUN26,2105.75,0.016,2105.81,26JUN26,1800,,P,ETH-26JUN26-1800-P
0.64,0.7775,17.0,0.708677,1779371062007,0.0,99.48,2106.86,ETH-29MAY26,2105.75,0.70875,2105.81,29MAY26,3600,,P,ETH-29MAY26-3600-P
0.0002,0.0003,223.0,0.000206,1779371062007,234.0,51.6,2105.75,index_price,2105.75,0.00025,2105.81,23MAY26,2275,,C,ETH-23MAY26-2275-C
0.014,0.015,7669.0,0.014509,1779371062007,767.0,44.95,2106.86,ETH-29MAY26,2105.75,0.0145,2105.81,29MAY26,2050,,P,ETH-29MAY26-2050-P
0.0003,0.0005,0.0,0.00035,1779371062007,0.0,51.25,2105.75,index_price,2105.75,0.0004,2105.81,25MAY26,2350,,C,ETH-25MAY26-2350-C
0.092,0.094,1566.0,0.093577,1779371062007,169.0,57.35,2140.74,ETH-25DEC26,2105.75,0.093,2105.81,25DEC26,2700,,C,ETH-25DEC26-2700-C
0.048,0.049,138.0,0.048284,1779371062007,138.0,47.93,2107.05,ETH-12JUN26,2105.75,0.0485,2105.81,12JUN26,2100,,C,ETH-12JUN26-2100-C
0.1575,0.1595,3553.0,0.15887,1779371062007,300.0,56.35,2122.1,ETH-25SEP26,2105.75,0.1585,2105.81,25SEP26,2000,,C,ETH-25SEP26-2000-C
1.024,1.2235,0.0,1.11568,1779371062007,0.0,58.69,2140.74,ETH-25DEC26,2105.75,1.12375,2105.81,25DEC26,4500,,P,ETH-25DEC26-4500-P
0.0375,0.1255,0.0,0.080624,1779371062007,0.0,45.65,2105.75,index_price,2105.75,0.0815,2105.81,24MAY26,2275,,P,ETH-24MAY26-2275-P
,0.0003,1375.0,1e-06,1779371062007,0.0,92.42,2107.74,ETH-26JUN26,2105.75,,2105.81,26JUN26,7500,,C,ETH-26JUN26-7500-C
0.4125,0.456,164.0,0.42891,1779371062007,0.0,57.27,2140.74,ETH-25DEC26,2105.75,0.43425,2105.81,25DEC26,2900,,P,ETH-25DEC26-2900-P
1.157,1.363,77.0,1.25258,1779371062007,0.0,59.2,2140.74,ETH-25DEC26,2105.75,1.26,2105.81,25DEC26,4800,,P,ETH-25DEC26-4800-P
0.1195,0.1215,50.0,0.120619,1779371062007,0.0,53.66,2112.51,ETH-31JUL26,2105.75,0.1205,2105.81,31JUL26,2000,,C,ETH-31JUL26-2000-C
0.0029,0.0033,2.0,0.003198,1779371062007,2.0,45.09,2105.75,index_price,2105.75,0.0031,2105.81,24MAY26,2025,,P,ETH-24MAY26-2025-P
0.0075,0.0085,313.0,0.007744,1779371062007,313.0,46.82,2107.05,ETH-12JUN26,2105.75,0.008,2105.81,12JUN26,2400,,C,ETH-12JUN26-2400-C
,0.0002,6688.0,5.1e-05,1779371062007,0.0,73.44,2106.89,ETH-29MAY26,2105.75,,2105.81,29MAY26,2900,,C,ETH-29MAY26-2900-C
1.246,1.4575,2.0,1.344491,1779371062007,0.0,59.71,2140.74,ETH-25DEC26,2105.75,1.35175,2105.81,25DEC26,5000,,P,ETH-25DEC26-5000-P
0.7205,0.927,0.0,0.811712,1779371062007,0.0,59.11,2162.64,ETH-26MAR27,2105.75,0.82375,2105.81,26MAR27,3800,,P,ETH-26MAR27-3800-P
0.22,0.224,5424.0,0.223226,1779371062007,505.0,57.97,2140.74,ETH-25DEC26,2105.75,0.222,2105.81,25DEC26,2300,,P,ETH-25DEC26-2300-P
1.7135,1.946,0.0,1.827894,1779371062007,0.0,64.24,2122.13,ETH-25SEP26,2105.75,1.82975,2105.81,25SEP26,6000,,P,ETH-25SEP26-6000-P
0.167,0.169,1926.0,0.167945,1779371062007,0.0,58.59,2140.74,ETH-25DEC26,2105.75,0.168,2105.81,25DEC26,2100,,P,ETH-25DEC26-2100-P
,0.0001,9590.0,1e-06,1779371062007,0.0,105.28,2107.77,ETH-26JUN26,2105.75,,2105.81,26JUN26,9000,,C,ETH-26JUN26-9000-C
0.2095,0.2125,1447.0,0.211149,1779371062007,9.0,60.11,2162.64,ETH-26MAR27,2105.75,0.211,2105.81,26MAR27,2200,,C,ETH-26MAR27-2200-C
0.1035,0.1925,0.0,0.146756,1779371062007,0.0,46.82,2107.05,ETH-12JUN26,2105.75,0.148,2105.81,12JUN26,2400,,P,ETH-12JUN26-2400-P
0.0575,0.059,1250.0,0.059063,1779371062007,0.0,57.27,2140.74,ETH-25DEC26,2105.75,0.05825,2105.81,25DEC26,3100,,C,ETH-25DEC26-3100-C
0.352,0.417,0.0,0.35409,1779371062007,0.0,63.16,2162.64,ETH-26MAR27,2105.75,0.3845,2105.81,26MAR27,1600,,C,ETH-26MAR27-1600-C
0.051,0.053,67659.0,0.052765,1779371062007,48.0,57.31,2140.74,ETH-25DEC26,2105.75,0.052,2105.81,25DEC26,3200,,C,ETH-25DEC26-3200-C
0.0145,0.0155,1880.0,0.014947,1779371062007,0.0,58.48,2140.77,ETH-25DEC26,2105.75,0.015,2105.81,25DEC26,4400,,C,ETH-25DEC26-4400-C
0.236,0.244,18343.0,0.239959,1779371062007,0.0,48.55,2107.74,ETH-26JUN26,2105.75,0.24,2105.81,26JUN26,2600,,P,ETH-26JUN26-2600-P
0.046,0.0475,1290.0,0.046967,1779371062007,100.0,59.28,2162.64,ETH-26MAR27,2105.75,0.04675,2105.81,26MAR27,4000,,C,ETH-26MAR27-4000-C
2.3465,2.6305,0.0,2.487285,1779371062007,0.0,69.84,2122.13,ETH-25SEP26,2105.75,2.4885,2105.81,25SEP26,7400,,P,ETH-25SEP26-7400-P
0.335,0.3505,40.0,0.338541,1779371062007,0.0,73.18,2107.74,ETH-26JUN26,2105.75,0.34275,2105.81,26JUN26,1400,,C,ETH-26JUN26-1400-C
0.0945,0.187,0.0,0.139776,1779371062007,0.0,57.04,2105.75,index_price,2105.75,0.14075,2105.81,25MAY26,2400,,P,ETH-25MAY26-2400-P
0.0005,0.0007,25244.0,0.000521,1779371062007,14.0,55.09,2106.86,ETH-29MAY26,2105.75,0.0006,2105.81,29MAY26,2500,,C,ETH-29MAY26-2500-C
,0.0001,26855.0,1.7e-05,1779371062007,0.0,73.57,2106.86,ETH-29MAY26,2105.75,,2105.81,29MAY26,3000,,C,ETH-29MAY26-3000-C
0.0002,0.0005,10563.0,0.00032,1779371062007,1.0,61.41,2107.74,ETH-26JUN26,2105.75,0.00035,2105.81,26JUN26,3500,,C,ETH-26JUN26-3500-C
2.279,2.5535,76.0,2.415901,1779371062007,0.0,91.99,2107.77,ETH-26JUN26,2105.75,2.41625,2105.81,26JUN26,7200,,P,ETH-26JUN26-7200-P
0.35,0.364,1294.0,0.35761,1779371062011,0.0,53.88,2122.13,ETH-25SEP26,2105.75,0.357,2105.81,25SEP26,2800,,P,ETH-25SEP26-2800-P
1.6415,1.863,44.0,1.751723,1779371062011,0.0,91.99,2107.77,ETH-26JUN26,2105.75,1.75225,2105.81,26JUN26,5800,,P,ETH-26JUN26-5800-P
0.0085,0.0095,147.0,0.009038,1779371062011,147.0,37.44,2105.75,index_price,2105.75,0.009,2105.81,24MAY26,2125,,C,ETH-24MAY26-2125-C
0.0004,0.0008,2025.0,0.000568,1779371062011,0.0,65.92,2122.1,ETH-25SEP26,2105.75,0.0006,2105.81,25SEP26,6200,,C,ETH-25SEP26-6200-C
0.0014,0.0017,3373.0,0.001615,1779371062011,1739.0,55.83,2105.75,index_price,2105.75,0.00155,2105.81,23MAY26,2000,,P,ETH-23MAY26-2000-P
,0.0001,7747.0,1e-06,1779371062011,67.0,93.36,2105.64,ETH-22MAY26,2105.75,,2105.81,22MAY26,1800,,P,ETH-22MAY26-1800-P
0.1065,0.108,50.0,0.10733,1779371062011,0.0,53.15,2112.54,ETH-31JUL26,2105.75,0.10725,2105.81,31JUL26,2050,,C,ETH-31JUL26-2050-C
1.004,1.1725,4317.0,1.087579,1779371062011,0.0,75.37,2107.77,ETH-26JUN26,2105.75,1.08825,2105.81,26JUN26,4400,,P,ETH-26JUN26-4400-P
0.03,0.0315,506.0,0.03057,1779371062011,0.0,59.86,2162.64,ETH-26MAR27,2105.75,0.03075,2105.81,26MAR27,4600,,C,ETH-26MAR27-4600-C
0.049,0.0505,1639.0,0.050002,1779371062011,1.0,59.64,2122.1,ETH-25SEP26,2105.75,0.04975,2105.81,25SEP26,1700,,P,ETH-25SEP26-1700-P
0.0895,0.0955,1846.0,0.092405,1779371062011,121.0,81.99,2105.61,ETH-22MAY26,2105.75,0.0925,2105.81,22MAY26,2300,,P,ETH-22MAY26-2300-P
0.2485,0.2535,75.0,0.251467,1779371062011,5.0,60.77,2162.64,ETH-26MAR27,2105.75,0.251,2105.81,26MAR27,2000,,C,ETH-26MAR27-2000-C
1.533,1.75,0.0,1.639647,1779371062011,0.0,62.84,2122.13,ETH-25SEP26,2105.75,1.6415,2105.81,25SEP26,5600,,P,ETH-25SEP26-5600-P
0.0007,0.0012,1487.0,0.000916,1779371062011,0.0,62.65,2122.1,ETH-25SEP26,2105.75,0.00095,2105.81,25SEP26,5500,,C,ETH-25SEP26-5500-C
0.0265,0.0275,9946.0,0.027439,1779371062011,2445.0,48.16,2107.74,ETH-26JUN26,2105.75,0.027,2105.81,26JUN26,2300,,C,ETH-26JUN26-2300-C
0.9855,1.001,2109.0,0.992703,1779371062011,0.0,71.78,2107.77,ETH-26JUN26,2105.75,0.99325,2105.81,26JUN26,4200,,P,ETH-26JUN26-4200-P
0.0175,0.0185,961.0,0.018127,1779371062011,623.0,48.88,2106.45,ETH-5JUN26,2105.75,0.018,2105.81,5JUN26,2000,,P,ETH-5JUN26-2000-P
0.2455,0.2525,332.0,0.248928,1779371062011,0.0,59.64,2122.13,ETH-25SEP26,2105.75,0.249,2105.81,25SEP26,1700,,C,ETH-25SEP26-1700-C
0.001,0.0011,296.0,0.001106,1779371062011,459.0,60.3,2105.75,index_price,2105.75,0.00105,2105.81,23MAY26,1975,,P,ETH-23MAY26-1975-P
0.0004,0.0006,12008.0,0.000485,1779371062011,0.0,61.1,2107.77,ETH-26JUN26,2105.75,0.0005,2105.81,26JUN26,3400,,C,ETH-26JUN26-3400-C
0.063,0.065,2206.0,0.064017,1779371062011,11.0,65.04,2162.64,ETH-26MAR27,2105.75,0.064,2105.81,26MAR27,1400,,P,ETH-26MAR27-1400-P
0.0675,0.0825,0.0,0.074753,1779371062011,0.0,64.5,2105.75,index_price,2105.75,0.075,2105.81,23MAY26,1950,,C,ETH-23MAY26-1950-C
2.392,2.6795,0.0,2.53438,1779371062011,0.0,69.84,2122.13,ETH-25SEP26,2105.75,2.53575,2105.81,25SEP26,7500,,P,ETH-25SEP26-7500-P
0.13,0.1325,1280.0,0.131633,1779371062011,1.0,61.87,2162.64,ETH-26MAR27,2105.75,0.13125,2105.81,26MAR27,1800,,P,ETH-26MAR27-1800-P
0.113,0.114,3464.0,0.113629,1779371062011,1.0,55.03,2122.1,ETH-25SEP26,2105.75,0.1135,2105.81,25SEP26,2200,,C,ETH-25SEP26-2200-C
0.068,0.07,408.0,0.069672,1779371062011,8.0,59.09,2162.64,ETH-26MAR27,2105.75,0.069,2105.81,26MAR27,3500,,C,ETH-26MAR27-3500-C
1.4875,1.7015,1.0,1.592627,1779371062011,0.0,62.65,2122.1,ETH-25SEP26,2105.75,1.5945,2105.81,25SEP26,5500,,P,ETH-25SEP26-5500-P
,0.0001,243.0,0.0,1779371062011,0.0,87.43,2105.64,ETH-22MAY26,2105.75,,2105.81,22MAY26,3000,,C,ETH-22MAY26-3000-C
0.6395,0.842,1.0,0.728803,1779371062011,0.0,59.09,2162.64,ETH-26MAR27,2105.75,0.74075,2105.81,26MAR27,3600,,P,ETH-26MAR27-3600-P
0.0305,0.032,857.0,0.031774,1779371062011,16.0,53.95,2122.13,ETH-25SEP26,2105.75,0.03125,2105.81,25SEP26,2900,,C,ETH-25SEP26-2900-C
0.0085,0.0095,1344.0,0.009143,1779371062011,306.0,53.4,2106.45,ETH-5JUN26,2105.75,0.009,2105.81,5JUN26,1900,,P,ETH-5JUN26-1900-P
0.2715,0.276,52.0,0.274389,1779371062011,0.0,61.25,2162.66,ETH-26MAR27,2105.75,0.27375,2105.81,26MAR27,1900,,C,ETH-26MAR27-1900-C
0.029,0.084,0.0,0.069363,1779371062011,0.0,41.29,2105.75,index_price,2105.75,0.0565,2105.81,25MAY26,2250,,P,ETH-25MAY26-2250-P
0.0004,0.0006,7562.0,0.00051,1779371062011,1870.0,65.62,2105.61,ETH-22MAY26,2105.75,0.0005,2105.81,22MAY26,2000,,P,ETH-22MAY26-2000-P
1.4425,1.653,4.0,1.545546,1779371062011,0.0,61.93,2122.1,ETH-25SEP26,2105.75,1.54775,2105.81,25SEP26,5400,,P,ETH-25SEP26-5400-P
0.0805,0.082,3609.0,0.081304,1779371062011,2.0,57.25,2122.1,ETH-25SEP26,2105.75,0.08125,2105.81,25SEP26,1900,,P,ETH-25SEP26-1900-P
0.2755,0.384,9.0,0.3291,1779371062011,0.0,72.49,2106.89,ETH-29MAY26,2105.75,0.32975,2105.81,29MAY26,2800,,P,ETH-29MAY26-2800-P
0.6055,0.6235,929.0,0.61503,1779371062011,0.0,54.68,2122.13,ETH-25SEP26,2105.75,0.6145,2105.81,25SEP26,3400,,P,ETH-25SEP26-3400-P
0.1515,0.154,699.0,0.152933,1779371062011,1.0,61.25,2162.64,ETH-26MAR27,2105.75,0.15275,2105.81,26MAR27,1900,,P,ETH-26MAR27-1900-P
0.762,0.764,344.0,0.762967,1779371062011,0.0,163.92,2107.74,ETH-26JUN26,2105.75,0.763,2105.81,26JUN26,500,,C,ETH-26JUN26-500-C
,0.0001,1191.0,2.6e-05,1779371062011,0.0,91.99,2107.74,ETH-26JUN26,2105.75,,2105.81,26JUN26,5800,,C,ETH-26JUN26-5800-C
0.069,0.108,0.0,0.092589,1779371062011,0.0,45.87,2105.75,index_price,2105.75,0.0885,2105.81,25MAY26,2300,,P,ETH-25MAY26-2300-P
0.0002,0.0004,1019.0,0.000255,1779371062011,0.0,69.84,2122.1,ETH-25SEP26,2105.75,0.0003,2105.81,25SEP26,7400,,C,ETH-25SEP26-7400-C
0.0026,0.003,17776.0,0.00274,1779371062011,192.0,50.92,2107.77,ETH-26JUN26,2105.75,0.0028,2105.81,26JUN26,2800,,C,ETH-26JUN26-2800-C
1.352,1.5555,3.0,1.451506,1779371062011,0.0,61.15,2122.13,ETH-25SEP26,2105.75,1.45375,2105.81,25SEP26,5200,,P,ETH-25SEP26-5200-P
0.025,0.026,6559.0,0.025563,1779371062011,2545.0,53.14,2107.74,ETH-26JUN26,2105.75,0.0255,2105.81,26JUN26,1900,,P,ETH-26JUN26-1900-P
5.3315,5.8605,0.0,5.597156,1779371062011,0.0,91.05,2122.13,ETH-25SEP26,2105.75,5.596,2105.81,25SEP26,14000,,P,ETH-25SEP26-14000-P
0.0024,0.0027,753.0,0.002515,1779371062011,1.0,47.56,2106.48,ETH-5JUN26,2105.75,0.00255,2105.81,5JUN26,2450,,C,ETH-5JUN26-2450-C
6.08,6.1505,10.0,6.116458,1779371062011,0.0,110.09,2107.74,ETH-26JUN26,2105.75,6.11525,2105.81,26JUN26,15000,,P,ETH-26JUN26-15000-P
0.314,0.324,1065.0,0.31937,1779371062011,0.0,57.36,2140.77,ETH-25DEC26,2105.75,0.319,2105.81,25DEC26,2600,,P,ETH-25DEC26-2600-P
1.8945,2.1415,0.0,2.016278,1779371062011,0.0,66.32,2122.13,ETH-25SEP26,2105.75,2.018,2105.81,25SEP26,6400,,P,ETH-25SEP26-6400-P
0.0225,0.04,58.0,0.027924,1779371062011,59.0,51.6,2105.64,ETH-22MAY26,2105.75,0.03125,2105.81,22MAY26,2050,,C,ETH-22MAY26-2050-C
1.985,2.239,0.0,2.110429,1779371062011,0.0,66.52,2122.13,ETH-25SEP26,2105.75,2.112,2105.81,25SEP26,6600,,P,ETH-25SEP26-6600-P
0.037,0.038,4658.0,0.038193,1779371062011,8.0,53.88,2122.1,ETH-25SEP26,2105.75,0.0375,2105.81,25SEP26,2800,,C,ETH-25SEP26-2800-C
0.0725,0.0745,347.0,0.074282,1779371062011,0.0,57.27,2140.74,ETH-25DEC26,2105.75,0.0735,2105.81,25DEC26,2900,,C,ETH-25DEC26-2900-C
0.0007,0.0011,8641.0,0.000874,1779371062011,1.0,59.52,2112.54,ETH-31JUL26,2105.75,0.0009,2105.81,31JUL26,4000,,C,ETH-31JUL26-4000-C
0.0085,0.0095,1444.0,0.009094,1779371062011,212.0,42.16,2105.62,ETH-22MAY26,2105.75,0.009,2105.81,22MAY26,2100,,C,ETH-22MAY26-2100-C
0.066,0.074,56.0,0.068685,1779371062011,0.0,48.88,2106.48,ETH-5JUN26,2105.75,0.07,2105.81,5JUN26,2000,,C,ETH-5JUN26-2000-C
0.0855,0.087,14935.0,0.086143,1779371062011,82.0,48.5,2107.74,ETH-26JUN26,2105.75,0.08625,2105.81,26JUN26,2200,,P,ETH-26JUN26-2200-P
0.0045,0.0049,5140.0,0.004793,1779371062011,14.0,59.22,2106.45,ETH-5JUN26,2105.75,0.0047,2105.81,5JUN26,1800,,P,ETH-5JUN26-1800-P
0.377,0.389,147.0,0.384169,1779371062011,0.0,59.08,2162.64,ETH-26MAR27,2105.75,0.383,2105.81,26MAR27,2700,,P,ETH-26MAR27-2700-P
0.0041,0.0046,229.0,0.004305,1779371062011,229.0,37.55,2105.75,index_price,2105.75,0.00435,2105.81,25MAY26,2175,,C,ETH-25MAY26-2175-C
0.891,0.906,3943.0,0.897899,1779371062011,0.0,71.05,2107.77,ETH-26JUN26,2105.75,0.8985,2105.81,26JUN26,4000,,P,ETH-26JUN26-4000-P
0.0003,0.0005,811.0,0.000375,1779371062011,230.0,59.03,2106.48,ETH-5JUN26,2105.75,0.0004,2105.81,5JUN26,2800,,C,ETH-5JUN26-2800-C
0.1165,0.1195,11653.0,0.118631,1779371062011,22.0,48.16,2107.74,ETH-26JUN26,2105.75,0.118,2105.81,26JUN26,2300,,P,ETH-26JUN26-2300-P
0.0105,0.0115,13304.0,0.0109,1779371062011,1.0,54.97,2122.13,ETH-25SEP26,2105.75,0.011,2105.81,25SEP26,3500,,C,ETH-25SEP26-3500-C
0.001,0.0013,167.0,0.001064,1779371062011,167.0,41.29,2105.75,index_price,2105.75,0.00115,2105.81,25MAY26,2250,,C,ETH-25MAY26-2250-C
,0.0001,52274.0,1e-05,1779371062011,0.0,82.79,2106.86,ETH-29MAY26,2105.75,,2105.81,29MAY26,3200,,C,ETH-29MAY26-3200-C
0.213,0.219,478.0,0.216025,1779371062011,0.0,58.33,2122.13,ETH-25SEP26,2105.75,0.216,2105.81,25SEP26,1800,,C,ETH-25SEP26-1800-C
0.001,0.0015,667.0,0.001219,1779371062012,20.0,57.81,2112.54,ETH-31JUL26,2105.75,0.00125,2105.81,31JUL26,3800,,C,ETH-31JUL26-3800-C
0.074,0.076,42.0,0.075625,1779371062012,1.0,59.08,2162.64,ETH-26MAR27,2105.75,0.075,2105.81,26MAR27,3400,,C,ETH-26MAR27-3400-C
0.005,0.006,1380.0,0.005536,1779371062012,492.0,45.66,2106.45,ETH-5JUN26,2105.75,0.0055,2105.81,5JUN26,2350,,C,ETH-5JUN26-2350-C
0.0665,0.068,2063.0,0.067334,1779371062012,0.0,53.66,2112.51,ETH-31JUL26,2105.75,0.06725,2105.81,31JUL26,2000,,P,ETH-31JUL26-2000-P
0.276,0.385,0.0,0.329587,1779371062012,0.0,59.03,2106.45,ETH-5JUN26,2105.75,0.3305,2105.81,5JUN26,2800,,P,ETH-5JUN26-2800-P
0.0047,0.005,84.0,0.004916,1779371062012,14.0,42.36,2105.75,index_price,2105.75,0.00485,2105.81,24MAY26,2050,,P,ETH-24MAY26-2050-P
0.0001,0.0003,24.0,0.000153,1779371062012,0.0,55.52,2105.75,index_price,2105.75,0.0002,2105.81,23MAY26,2300,,C,ETH-23MAY26-2300-C
0.0015,0.0018,163.0,0.001609,1779371062012,163.0,39.45,2105.75,index_price,2105.75,0.00165,2105.81,25MAY26,2225,,C,ETH-25MAY26-2225-C
0.0021,0.0025,0.0,0.002242,1779371062012,0.0,49.56,2107.05,ETH-12JUN26,2105.75,0.0023,2105.81,12JUN26,2600,,C,ETH-12JUN26-2600-C
0.3525,0.3585,629.0,0.354434,1779371062012,0.0,63.43,2140.74,ETH-25DEC26,2105.75,0.3555,2105.81,25DEC26,1500,,C,ETH-25DEC26-1500-C
0.0026,0.0029,14903.0,0.002655,1779371062012,232.0,44.05,2106.86,ETH-29MAY26,2105.75,0.00275,2105.81,29MAY26,2300,,C,ETH-29MAY26-2300-C
0.0007,0.0009,5.0,0.000757,1779371062012,5.0,43.59,2105.75,index_price,2105.75,0.0008,2105.81,25MAY26,2275,,C,ETH-25MAY26-2275-C
0.1785,0.207,0.0,0.188538,1779371062012,0.0,48.76,2106.45,ETH-5JUN26,2105.75,0.19275,2105.81,5JUN26,2500,,P,ETH-5JUN26-2500-P
0.0085,0.009,13468.0,0.008995,1779371062012,2409.0,42.31,2106.86,ETH-29MAY26,2105.75,0.00875,2105.81,29MAY26,2200,,C,ETH-29MAY26-2200-C
0.056,0.093,0.0,0.075244,1779371062012,0.0,56.04,2105.75,index_price,2105.75,0.0745,2105.81,24MAY26,1950,,C,ETH-24MAY26-1950-C
1.2615,1.459,1.0,1.35761,1779371062012,0.0,60.78,2122.1,ETH-25SEP26,2105.75,1.36025,2105.81,25SEP26,5000,,P,ETH-25SEP26-5000-P
0.0013,0.0016,4138.0,0.001348,1779371062012,1999.0,41.81,2105.64,ETH-22MAY26,2105.75,0.00145,2105.81,22MAY26,2150,,C,ETH-22MAY26-2150-C
4.92,5.413,0.0,5.167597,1779371062012,0.0,109.87,2107.77,ETH-26JUN26,2105.75,5.1665,2105.81,26JUN26,13000,,P,ETH-26JUN26-13000-P
0.0015,0.0021,515.0,0.001804,1779371062012,6.0,56.28,2112.51,ETH-31JUL26,2105.75,0.0018,2105.81,31JUL26,3600,,C,ETH-31JUL26-3600-C
3.9315,4.1555,53.0,4.13863,1779371062012,0.0,69.64,2140.77,ETH-25DEC26,2105.75,4.0435,2105.81,25DEC26,11000,,P,ETH-25DEC26-11000-P
0.082,0.0835,3779.0,0.08336,1779371062012,0.0,57.3,2140.74,ETH-25DEC26,2105.75,0.08275,2105.81,25DEC26,2800,,C,ETH-25DEC26-2800-C
0.023,0.024,75554.0,0.023692,1779371062012,825.0,43.56,2106.86,ETH-29MAY26,2105.75,0.0235,2105.81,29MAY26,2100,,P,ETH-29MAY26-2100-P
0.0036,0.0041,3850.0,0.003787,1779371062012,814.0,40.98,2105.62,ETH-22MAY26,2105.75,0.00385,2105.81,22MAY26,2125,,C,ETH-22MAY26-2125-C
0.0425,0.0485,8837.0,0.045107,1779371062012,456.0,52.14,2105.61,ETH-22MAY26,2105.75,0.0455,2105.81,22MAY26,2200,,P,ETH-22MAY26-2200-P
0.5505,0.729,89.0,0.630242,1779371062012,0.0,57.35,2140.74,ETH-25DEC26,2105.75,0.63975,2105.81,25DEC26,3400,,P,ETH-25DEC26-3400-P
2.587,2.897,0.0,2.738503,1779371062012,0.0,66.63,2140.74,ETH-25DEC26,2105.75,2.742,2105.81,25DEC26,8000,,P,ETH-25DEC26-8000-P
0.2845,0.312,28.0,0.288314,1779371062012,0.0,94.59,2106.86,ETH-29MAY26,2105.75,0.29825,2105.81,29MAY26,1500,,C,ETH-29MAY26-1500-C
0.0185,0.0195,926.0,0.019123,1779371062012,394.0,45.36,2106.45,ETH-5JUN26,2105.75,0.019,2105.81,5JUN26,2200,,C,ETH-5JUN26-2200-C
0.0155,0.0165,18980.0,0.016064,1779371062012,4.0,73.89,2140.74,ETH-25DEC26,2105.75,0.016,2105.81,25DEC26,1000,,P,ETH-25DEC26-1000-P
0.5735,0.651,1.0,0.607995,1779371062012,0.0,59.08,2162.64,ETH-26MAR27,2105.75,0.61225,2105.81,26MAR27,3300,,P,ETH-26MAR27-3300-P
0.114,0.1155,449.0,0.114756,1779371062012,14.0,51.77,2112.54,ETH-31JUL26,2105.75,0.11475,2105.81,31JUL26,2200,,P,ETH-31JUL26-2200-P
0.005,0.006,6103.0,0.00559,1779371062012,325.0,51.24,2106.86,ETH-29MAY26,2105.75,0.0055,2105.81,29MAY26,1950,,P,ETH-29MAY26-1950-P
,0.0001,1200.0,7.3e-05,1779371062012,35.0,91.05,2122.13,ETH-25SEP26,2105.75,,2105.81,25SEP26,14000,,C,ETH-25SEP26-14000-C
0.0305,0.0315,435.0,0.031605,1779371062012,0.0,50.77,2112.54,ETH-31JUL26,2105.75,0.031,2105.81,31JUL26,2500,,C,ETH-31JUL26-2500-C
,0.0003,1138.0,3e-06,1779371062012,0.0,91.99,2107.74,ETH-26JUN26,2105.75,,2105.81,26JUN26,6800,,C,ETH-26JUN26-6800-C
0.0016,0.0017,10562.0,0.001561,1779371062012,16.0,46.13,2106.89,ETH-29MAY26,2105.75,0.00165,2105.81,29MAY26,2350,,C,ETH-29MAY26-2350-C
1.1865,1.37,340.0,1.277323,1779371062012,0.0,80.66,2107.77,ETH-26JUN26,2105.75,1.27825,2105.81,26JUN26,4800,,P,ETH-26JUN26-4800-P
0.002,0.0023,23.0,0.002216,1779371062012,43.0,48.93,2105.75,index_price,2105.75,0.00215,2105.81,25MAY26,1975,,P,ETH-25MAY26-1975-P
0.3875,0.394,642.0,0.390028,1779371062012,0.0,64.92,2140.74,ETH-25DEC26,2105.75,0.39075,2105.81,25DEC26,1400,,C,ETH-25DEC26-1400-C
0.5495,0.679,2.0,0.613754,1779371062012,0.0,93.04,2106.89,ETH-29MAY26,2105.75,0.61425,2105.81,29MAY26,3400,,P,ETH-29MAY26-3400-P
0.3445,0.353,424.0,0.350631,1779371062012,60.0,59.27,2162.64,ETH-26MAR27,2105.75,0.34875,2105.81,26MAR27,2600,,P,ETH-26MAR27-2600-P
0.0022,0.0026,3051.0,0.002278,1779371062012,0.0,58.92,2122.1,ETH-25SEP26,2105.75,0.0024,2105.81,25SEP26,4600,,C,ETH-25SEP26-4600-C
0.1235,0.1255,448.0,0.124773,1779371062012,1.0,59.09,2162.64,ETH-26MAR27,2105.75,0.1245,2105.81,26MAR27,2800,,C,ETH-26MAR27-2800-C
0.0001,0.0002,1595.0,0.000175,1779371062012,0.0,81.67,2122.13,ETH-25SEP26,2105.75,0.00015,2105.81,25SEP26,10000,,C,ETH-25SEP26-10000-C
0.0028,0.003,268.0,0.002889,1779371062012,278.0,37.79,2105.75,index_price,2105.75,0.0029,2105.81,24MAY26,2175,,C,ETH-24MAY26-2175-C
0.185,0.286,65.0,0.234307,1779371062012,0.0,60.15,2106.86,ETH-29MAY26,2105.75,0.2355,2105.81,29MAY26,2600,,P,ETH-29MAY26-2600-P
0.0018,0.0022,251.0,0.00192,1779371062012,147.0,41.45,2105.75,index_price,2105.75,0.002,2105.81,23MAY26,2175,,C,ETH-23MAY26-2175-C
0.7865,0.8075,988.0,0.797464,1779371062012,0.0,56.03,2122.13,ETH-25SEP26,2105.75,0.797,2105.81,25SEP26,3800,,P,ETH-25SEP26-3800-P
,0.0001,7426.0,4.2e-05,1779371062012,0.0,93.26,2122.13,ETH-25SEP26,2105.75,,2105.81,25SEP26,16000,,C,ETH-25SEP26-16000-C
0.5095,0.6865,0.0,0.588554,1779371062012,0.0,57.32,2140.77,ETH-25DEC26,2105.75,0.598,2105.81,25DEC26,3300,,P,ETH-25DEC26-3300-P
0.041,0.0425,11271.0,0.042058,1779371062012,0.0,57.35,2140.74,ETH-25DEC26,2105.75,0.04175,2105.81,25DEC26,3400,,C,ETH-25DEC26-3400-C
0.0175,0.0185,7332.0,0.018208,1779371062012,1.0,54.18,2122.1,ETH-25SEP26,2105.75,0.018,2105.81,25SEP26,3200,,C,ETH-25SEP26-3200-C
1.804,2.044,0.0,1.922134,1779371062012,0.0,65.92,2122.1,ETH-25SEP26,2105.75,1.924,2105.81,25SEP26,6200,,P,ETH-25SEP26-6200-P
0.208,0.2115,1924.0,0.20954,1779371062012,0.0,59.15,2140.77,ETH-25DEC26,2105.75,0.20975,2105.81,25DEC26,2000,,C,ETH-25DEC26-2000-C
0.0065,0.007,6815.0,0.006798,1779371062012,24.0,78.5,2122.13,ETH-25SEP26,2105.75,0.00675,2105.81,25SEP26,1000,,P,ETH-25SEP26-1000-P
0.5325,0.539,74.0,0.535577,1779371062012,1.0,78.5,2122.1,ETH-25SEP26,2105.75,0.53575,2105.81,25SEP26,1000,,C,ETH-25SEP26-1000-C
0.0002,0.0003,3913.0,0.000261,1779371062012,170.0,94.59,2106.86,ETH-29MAY26,2105.75,0.00025,2105.81,29MAY26,1500,,P,ETH-29MAY26-1500-P
0.086,0.0925,0.0,0.088484,1779371062012,0.0,46.7,2107.05,ETH-12JUN26,2105.75,0.08925,2105.81,12JUN26,2250,,P,ETH-12JUN26-2250-P
0.042,0.043,7787.0,0.042386,1779371062012,144.0,48.5,2107.74,ETH-26JUN26,2105.75,0.0425,2105.81,26JUN26,2200,,C,ETH-26JUN26-2200-C
0.0145,0.0155,42.0,0.015113,1779371062012,42.0,46.68,2107.05,ETH-12JUN26,2105.75,0.015,2105.81,12JUN26,2300,,C,ETH-12JUN26-2300-C
0.259,0.2645,324.0,0.260662,1779371062012,0.0,60.38,2140.74,ETH-25DEC26,2105.75,0.26175,2105.81,25DEC26,1800,,C,ETH-25DEC26-1800-C
0.008,0.0095,1361.0,0.008773,1779371062012,42.0,80.31,2140.74,ETH-25DEC26,2105.75,0.00875,2105.81,25DEC26,800,,P,ETH-25DEC26-800-P
0.0005,0.0007,2.0,0.00055,1779371062012,2.0,45.87,2105.75,index_price,2105.75,0.0006,2105.81,25MAY26,2300,,C,ETH-25MAY26-2300-C
1.1435,1.37,0.0,1.246107,1779371062012,0.0,60.04,2162.64,ETH-26MAR27,2105.75,1.25675,2105.81,26MAR27,4800,,P,ETH-26MAR27-4800-P
0.9085,1.072,0.0,0.988762,1779371062012,0.0,61.46,2112.51,ETH-31JUL26,2105.75,0.99025,2105.81,31JUL26,4200,,P,ETH-31JUL26-4200-P
0.0009,0.0015,1598.0,0.001161,1779371062012,0.0,61.15,2122.13,ETH-25SEP26,2105.75,0.0012,2105.81,25SEP26,5200,,C,ETH-25SEP26-5200-C
0.0027,0.0032,0.0,0.003072,1779371062012,0.0,68.7,2107.05,ETH-12JUN26,2105.75,0.00295,2105.81,12JUN26,1600,,P,ETH-12JUN26-1600-P
0.0011,0.0016,21539.0,0.001317,1779371062012,72.0,53.84,2107.74,ETH-26JUN26,2105.75,0.00135,2105.81,26JUN26,3000,,C,ETH-26JUN26-3000-C
0.29,0.3005,252.0,0.295426,1779371062012,0.0,50.78,2112.51,ETH-31JUL26,2105.75,0.29525,2105.81,31JUL26,2700,,P,ETH-31JUL26-2700-P
0.0004,0.0005,266.0,0.000407,1779371062012,105.0,45.65,2105.75,index_price,2105.75,0.00045,2105.81,24MAY26,2275,,C,ETH-24MAY26-2275-C
0.245,0.299,28.0,0.254166,1779371062012,0.0,50.7,2112.54,ETH-31JUL26,2105.75,0.272,2105.81,31JUL26,2600,,P,ETH-31JUL26-2600-P
0.054,0.056,3131.0,0.055104,1779371062012,10.0,63.43,2140.74,ETH-25DEC26,2105.75,0.055,2105.81,25DEC26,1500,,P,ETH-25DEC26-1500-P
0.458,0.58,2.0,0.518829,1779371062012,0.0,82.79,2106.89,ETH-29MAY26,2105.75,0.519,2105.81,29MAY26,3200,,P,ETH-29MAY26-3200-P
,0.0002,4109.0,1e-06,1779371062012,0.0,101.3,2107.77,ETH-26JUN26,2105.75,,2105.81,26JUN26,8500,,C,ETH-26JUN26-8500-C
0.143,0.1445,6813.0,0.143768,1779371062012,0.0,59.15,2140.74,ETH-25DEC26,2105.75,0.14375,2105.81,25DEC26,2000,,P,ETH-25DEC26-2000-P
2.37,2.651,0.0,2.510787,1779371062012,0.0,92.0,2107.74,ETH-26JUN26,2105.75,2.5105,2105.81,26JUN26,7400,,P,ETH-26JUN26-7400-P
0.137,0.143,421.0,0.139777,1779371062012,0.0,82.13,2105.64,ETH-22MAY26,2105.75,0.14,2105.81,22MAY26,2400,,P,ETH-22MAY26-2400-P
4.009,4.426,0.0,4.218736,1779371062012,0.0,105.35,2107.77,ETH-26JUN26,2105.75,4.2175,2105.81,26JUN26,11000,,P,ETH-26JUN26-11000-P
0.0395,0.041,1643.0,0.040487,1779371062012,1.0,59.44,2162.64,ETH-26MAR27,2105.75,0.04025,2105.81,26MAR27,4200,,C,ETH-26MAR27-4200-C
0.6215,0.658,151.0,0.635083,1779371062012,0.0,80.31,2140.74,ETH-25DEC26,2105.75,0.63975,2105.81,25DEC26,800,,C,ETH-25DEC26-800-C
0.006,0.0065,1536.0,0.006058,1779371062012,0.0,60.73,2140.77,ETH-25DEC26,2105.75,0.00625,2105.81,25DEC26,5500,,C,ETH-25DEC26-5500-C
0.032,0.0335,1452.0,0.032745,1779371062012,0.0,59.75,2162.66,ETH-26MAR27,2105.75,0.03275,2105.81,26MAR27,4500,,C,ETH-26MAR27-4500-C
,0.0001,2901.0,9e-06,1779371062012,0.0,93.04,2106.89,ETH-29MAY26,2105.75,,2105.81,29MAY26,3400,,C,ETH-29MAY26-3400-C
0.0215,0.023,16570.0,0.02214,1779371062012,20.0,57.91,2140.77,ETH-25DEC26,2105.75,0.02225,2105.81,25DEC26,4000,,C,ETH-25DEC26-4000-C
3.0705,3.4145,0.0,3.241159,1779371062012,0.0,76.91,2122.13,ETH-25SEP26,2105.75,3.2425,2105.81,25SEP26,9000,,P,ETH-25SEP26-9000-P
0.2395,0.2425,2630.0,0.241054,1779371062013,0.0,84.2,2106.86,ETH-29MAY26,2105.75,0.241,2105.81,29MAY26,1600,,C,ETH-29MAY26-1600-C
1.5045,1.7155,134.0,1.609409,1779371062013,0.0,90.37,2107.77,ETH-26JUN26,2105.75,1.61,2105.81,26JUN26,5500,,P,ETH-26JUN26-5500-P
0.444,0.451,0.0,0.447075,1779371062013,0.0,71.3,2122.1,ETH-25SEP26,2105.75,0.4475,2105.81,25SEP26,1200,,C,ETH-25SEP26-1200-C
0.0021,0.0024,3578.0,0.002361,1779371062013,40.0,59.35,2106.86,ETH-29MAY26,2105.75,0.00225,2105.81,29MAY26,1850,,P,ETH-29MAY26-1850-P
0.0395,0.0405,19690.0,0.039918,1779371062013,963.0,51.16,2107.74,ETH-26JUN26,2105.75,0.04,2105.81,26JUN26,2000,,P,ETH-26JUN26-2000-P
0.0325,0.074,0.0,0.052536,1779371062013,0.0,48.41,2105.75,index_price,2105.75,0.05325,2105.81,24MAY26,2000,,C,ETH-24MAY26-2000-C
0.034,0.0965,0.0,0.068824,1779371062013,0.0,49.27,2105.75,index_price,2105.75,0.06525,2105.81,23MAY26,2250,,P,ETH-23MAY26-2250-P
0.0001,0.0002,6578.0,0.000121,1779371062013,969.0,81.99,2105.64,ETH-22MAY26,2105.75,0.00015,2105.81,22MAY26,2300,,C,ETH-22MAY26-2300-C
0.1785,0.1805,647.0,0.179107,1779371062013,128.0,54.57,2122.13,ETH-25SEP26,2105.75,0.1795,2105.81,25SEP26,2300,,P,ETH-25SEP26-2300-P
0.231,0.334,1.0,0.282246,1779371062013,0.0,82.66,2105.61,ETH-22MAY26,2105.75,0.2825,2105.81,22MAY26,2700,,P,ETH-22MAY26-2700-P
,0.0001,5691.0,2e-06,1779371062013,0.0,82.13,2105.64,ETH-22MAY26,2105.75,,2105.81,22MAY26,2400,,C,ETH-22MAY26-2400-C
0.5275,0.581,12.0,0.548951,1779371062013,0.0,73.89,2140.74,ETH-25DEC26,2105.75,0.55425,2105.81,25DEC26,1000,,C,ETH-25DEC26-1000-C
0.3825,0.399,2223.0,0.391277,1779371062013,0.0,57.3,2140.74,ETH-25DEC26,2105.75,0.39075,2105.81,25DEC26,2800,,P,ETH-25DEC26-2800-P
0.226,0.2625,0.0,0.236171,1779371062013,0.0,49.56,2107.05,ETH-12JUN26,2105.75,0.24425,2105.81,12JUN26,2600,,P,ETH-12JUN26-2600-P
0.0255,0.0265,12969.0,0.026306,1779371062013,301.0,53.95,2122.13,ETH-25SEP26,2105.75,0.026,2105.81,25SEP26,3000,,C,ETH-25SEP26-3000-C
0.058,0.065,224.0,0.063509,1779371062013,104.0,45.36,2106.45,ETH-5JUN26,2105.75,0.0615,2105.81,5JUN26,2200,,P,ETH-5JUN26-2200-P
0.0505,0.098,0.0,0.058038,1779371062013,0.0,39.45,2105.75,index_price,2105.75,0.07425,2105.81,25MAY26,2225,,P,ETH-25MAY26-2225-P
0.874,0.9325,137.0,0.889988,1779371062013,0.0,56.76,2122.1,ETH-25SEP26,2105.75,0.90325,2105.81,25SEP26,4000,,P,ETH-25SEP26-4000-P
1.9395,2.1905,0.0,2.063357,1779371062013,0.0,66.52,2122.1,ETH-25SEP26,2105.75,2.065,2105.81,25SEP26,6500,,P,ETH-25SEP26-6500-P
0.9795,1.177,20.0,1.070244,1779371062013,0.0,58.48,2140.77,ETH-25DEC26,2105.75,1.07825,2105.81,25DEC26,4400,,P,ETH-25DEC26-4400-P
0.6905,0.7795,0.0,0.705905,1779371062013,0.0,56.28,2112.51,ETH-31JUL26,2105.75,0.735,2105.81,31JUL26,3600,,P,ETH-31JUL26-3600-P
1.96,2.2075,60.0,2.083804,1779371062013,0.0,91.99,2107.74,ETH-26JUN26,2105.75,2.08375,2105.81,26JUN26,6500,,P,ETH-26JUN26-6500-P
0.8175,0.9745,0.0,0.894293,1779371062013,0.0,59.52,2112.54,ETH-31JUL26,2105.75,0.896,2105.81,31JUL26,4000,,P,ETH-31JUL26-4000-P
0.0125,0.0135,6600.0,0.012882,1779371062013,7.0,54.68,2122.13,ETH-25SEP26,2105.75,0.013,2105.81,25SEP26,3400,,C,ETH-25SEP26-3400-C
1.623,1.8485,0.0,1.733792,1779371062013,0.0,63.88,2122.1,ETH-25SEP26,2105.75,1.73575,2105.81,25SEP26,5800,,P,ETH-25SEP26-5800-P
1.0425,1.169,281.0,1.076249,1779371062013,0.0,58.03,2122.1,ETH-25SEP26,2105.75,1.10575,2105.81,25SEP26,4400,,P,ETH-25SEP26-4400-P
2.8705,3.193,0.0,3.032661,1779371062013,0.0,101.3,2107.74,ETH-26JUN26,2105.75,3.03175,2105.81,26JUN26,8500,,P,ETH-26JUN26-8500-P
0.0155,0.017,361.0,0.016482,1779371062013,436.0,40.74,2105.75,index_price,2105.75,0.01625,2105.81,23MAY26,2125,,P,ETH-23MAY26-2125-P
0.054,0.0555,901.0,0.055188,1779371062013,0.0,53.89,2122.13,ETH-25SEP26,2105.75,0.05475,2105.81,25SEP26,2600,,C,ETH-25SEP26-2600-C
2.1385,2.4135,0.0,2.272165,1779371062013,0.0,63.93,2140.74,ETH-25DEC26,2105.75,2.276,2105.81,25DEC26,7000,,P,ETH-25DEC26-7000-P
2.166,2.435,0.0,2.298862,1779371062013,0.0,68.5,2122.13,ETH-25SEP26,2105.75,2.3005,2105.81,25SEP26,7000,,P,ETH-25SEP26-7000-P
0.185,0.187,149.0,0.185983,1779371062013,0.0,57.25,2122.13,ETH-25SEP26,2105.75,0.186,2105.81,25SEP26,1900,,C,ETH-25SEP26-1900-C
0.1475,0.1495,2464.0,0.148866,1779371062013,500.0,57.97,2140.74,ETH-25DEC26,2105.75,0.1485,2105.81,25DEC26,2300,,C,ETH-25DEC26-2300-C
0.2965,0.3435,152.0,0.299329,1779371062013,0.0,61.87,2162.64,ETH-26MAR27,2105.75,0.32,2105.81,26MAR27,1800,,C,ETH-26MAR27-1800-C
0.0016,0.0021,15071.0,0.001858,1779371062013,103.0,52.28,2107.74,ETH-26JUN26,2105.75,0.00185,2105.81,26JUN26,2900,,C,ETH-26JUN26-2900-C
,0.0001,1146.0,7e-06,1779371062013,0.0,91.99,2107.77,ETH-26JUN26,2105.75,,2105.81,26JUN26,6400,,C,ETH-26JUN26-6400-C
0.1125,0.1625,51.0,0.121125,1779371062013,0.0,45.66,2106.48,ETH-5JUN26,2105.75,0.1375,2105.81,5JUN26,2350,,P,ETH-5JUN26-2350-P
0.0175,0.0255,50.0,0.020932,1779371062013,0.0,44.57,2105.75,index_price,2105.75,0.0215,2105.81,23MAY26,2075,,C,ETH-23MAY26-2075-C
0.011,0.0125,1050.0,0.011898,1779371062013,1208.0,38.34,2105.75,index_price,2105.75,0.01175,2105.81,24MAY26,2100,,P,ETH-24MAY26-2100-P
1.277,1.4685,1689.0,1.372204,1779371062013,0.0,83.68,2107.74,ETH-26JUN26,2105.75,1.37275,2105.81,26JUN26,5000,,P,ETH-26JUN26-5000-P
0.0915,0.0975,19983.0,0.094307,1779371062013,10.0,44.05,2106.86,ETH-29MAY26,2105.75,0.0945,2105.81,29MAY26,2300,,P,ETH-29MAY26-2300-P
0.0305,0.047,0.0,0.039136,1779371062013,0.0,58.26,2105.64,ETH-22MAY26,2105.75,0.03875,2105.81,22MAY26,2025,,C,ETH-22MAY26-2025-C
,0.0002,6237.0,8.4e-05,1779371062013,0.0,75.37,2107.77,ETH-26JUN26,2105.75,,2105.81,26JUN26,4400,,C,ETH-26JUN26-4400-C
0.063,0.0645,1967.0,0.063634,1779371062013,201.0,49.61,2107.74,ETH-26JUN26,2105.75,0.06375,2105.81,26JUN26,2100,,C,ETH-26JUN26-2100-C
0.058,0.0595,490.0,0.059195,1779371062013,1.0,59.09,2162.64,ETH-26MAR27,2105.75,0.05875,2105.81,26MAR27,3700,,C,ETH-26MAR27-3700-C
0.023,0.0245,803.0,0.023595,1779371062013,0.0,60.4,2162.64,ETH-26MAR27,2105.75,0.02375,2105.81,26MAR27,5000,,C,ETH-26MAR27-5000-C
0.0014,0.0015,67.0,0.00156,1779371062013,119.0,52.21,2105.75,index_price,2105.75,0.00145,2105.81,24MAY26,1975,,P,ETH-24MAY26-1975-P
0.175,0.178,973.0,0.176245,1779371062013,0.0,60.77,2162.64,ETH-26MAR27,2105.75,0.1765,2105.81,26MAR27,2000,,P,ETH-26MAR27-2000-P
0.1135,0.119,1076.0,0.116048,1779371062013,0.0,82.01,2105.64,ETH-22MAY26,2105.75,0.11625,2105.81,22MAY26,2350,,P,ETH-22MAY26-2350-P
0.1235,0.1255,3247.0,0.124371,1779371062013,248.0,55.63,2122.1,ETH-25SEP26,2105.75,0.1245,2105.81,25SEP26,2100,,P,ETH-25SEP26-2100-P
0.0015,0.0017,969.0,0.001632,1779371062013,973.0,39.05,2105.75,index_price,2105.75,0.0016,2105.81,24MAY26,2200,,C,ETH-24MAY26-2200-C
,0.0003,1322.0,1e-05,1779371062013,0.0,91.99,2107.74,ETH-26JUN26,2105.75,,2105.81,26JUN26,6200,,C,ETH-26JUN26-6200-C
,0.0002,75.0,6.2e-05,1779371062013,31.0,70.59,2105.75,index_price,2105.75,,2105.81,23MAY26,2400,,C,ETH-23MAY26-2400-C
0.0355,0.0365,564.0,0.03658,1779371062013,10.0,50.83,2112.51,ETH-31JUL26,2105.75,0.036,2105.81,31JUL26,2450,,C,ETH-31JUL26-2450-C
0.0715,0.1625,0.0,0.116128,1779371062013,0.0,51.25,2105.75,index_price,2105.75,0.117,2105.81,25MAY26,2350,,P,ETH-25MAY26-2350-P
0.3115,0.323,525.0,0.318079,1779371062013,0.0,53.79,2122.13,ETH-25SEP26,2105.75,0.31725,2105.81,25SEP26,2700,,P,ETH-25SEP26-2700-P
2.643,2.947,0.0,2.795445,1779371062013,0.0,97.01,2107.77,ETH-26JUN26,2105.75,2.795,2105.81,26JUN26,8000,,P,ETH-26JUN26-8000-P
0.0001,0.0004,18643.0,0.000182,1779371062013,0.0,163.92,2107.74,ETH-26JUN26,2105.75,0.00025,2105.81,26JUN26,500,,P,ETH-26JUN26-500-P
0.0001,0.0002,3.0,0.000115,1779371062014,2.0,64.77,2105.75,index_price,2105.75,0.00015,2105.81,23MAY26,2350,,C,ETH-23MAY26-2350-C
0.0255,0.027,52.0,0.026244,1779371062014,52.0,49.95,2107.05,ETH-12JUN26,2105.75,0.02625,2105.81,12JUN26,2000,,P,ETH-12JUN26-2000-P
0.1605,0.1645,743.0,0.162234,1779371062014,0.0,55.99,2107.77,ETH-26JUN26,2105.75,0.1625,2105.81,26JUN26,1800,,C,ETH-26JUN26-1800-C
,0.0001,3853.0,0.0,1779371062014,0.0,82.13,2105.61,ETH-22MAY26,2105.75,,2105.81,22MAY26,2450,,C,ETH-22MAY26-2450-C
0.161,0.163,457.0,0.161935,1779371062014,137.0,59.39,2162.64,ETH-26MAR27,2105.75,0.162,2105.81,26MAR27,2500,,C,ETH-26MAR27-2500-C
6.236,6.84,30.0,6.539565,1779371062014,0.0,93.26,2122.13,ETH-25SEP26,2105.75,6.538,2105.81,25SEP26,16000,,P,ETH-25SEP26-16000-P
0.061,0.063,50.0,0.061747,1779371062014,50.0,48.9,2107.05,ETH-12JUN26,2105.75,0.062,2105.81,12JUN26,2050,,C,ETH-12JUN26-2050-C
,0.0001,2160.0,4.1e-05,1779371062014,39.0,91.92,2107.74,ETH-26JUN26,2105.75,,2105.81,26JUN26,5600,,C,ETH-26JUN26-5600-C
0.0945,0.096,2400.0,0.095296,1779371062014,0.0,54.57,2122.1,ETH-25SEP26,2105.75,0.09525,2105.81,25SEP26,2300,,C,ETH-25SEP26-2300-C
0.0036,0.0039,1294.0,0.003685,1779371062014,132.0,46.46,2106.45,ETH-5JUN26,2105.75,0.00375,2105.81,5JUN26,2400,,C,ETH-5JUN26-2400-C
0.0215,0.0225,2249.0,0.022159,1779371062014,2.0,65.45,2122.13,ETH-25SEP26,2105.75,0.022,2105.81,25SEP26,1400,,P,ETH-25SEP26-1400-P
0.077,0.079,1287.0,0.077937,1779371062014,0.0,63.99,2162.64,ETH-26MAR27,2105.75,0.078,2105.81,26MAR27,1500,,P,ETH-26MAR27-1500-P
0.0009,0.0011,205.0,0.000964,1779371062014,5.0,40.87,2105.75,index_price,2105.75,0.001,2105.81,24MAY26,2225,,C,ETH-24MAY26-2225-C
1.014,1.235,0.0,1.113497,1779371062014,0.0,59.75,2162.64,ETH-26MAR27,2105.75,1.1245,2105.81,26MAR27,4500,,P,ETH-26MAR27-4500-P
3.5535,3.933,0.0,3.744306,1779371062014,0.0,105.35,2107.74,ETH-26JUN26,2105.75,3.74325,2105.81,26JUN26,10000,,P,ETH-26JUN26-10000-P
0.2815,0.2885,1612.0,0.284588,1779371062014,0.0,61.29,2122.13,ETH-25SEP26,2105.75,0.285,2105.81,25SEP26,1600,,C,ETH-25SEP26-1600-C
0.483,0.4985,312.0,0.492641,1779371062014,0.0,59.09,2162.64,ETH-26MAR27,2105.75,0.49075,2105.81,26MAR27,3000,,P,ETH-26MAR27-3000-P
0.0075,0.008,68.0,0.007681,1779371062014,26.0,40.12,2105.75,index_price,2105.75,0.00775,2105.81,24MAY26,2075,,P,ETH-24MAY26-2075-P
0.3065,0.3695,2.0,0.316942,1779371062014,0.0,51.13,2112.54,ETH-31JUL26,2105.75,0.338,2105.81,31JUL26,2750,,P,ETH-31JUL26-2750-P
0.0024,0.0028,534.0,0.002572,1779371062014,534.0,38.11,2105.75,index_price,2105.75,0.0026,2105.81,25MAY26,2200,,C,ETH-25MAY26-2200-C
1.335,1.5515,0.0,1.436438,1779371062014,0.0,59.91,2140.77,ETH-25DEC26,2105.75,1.44325,2105.81,25DEC26,5200,,P,ETH-25DEC26-5200-P
0.3655,0.396,10.0,0.377706,1779371062014,0.0,52.28,2107.77,ETH-26JUN26,2105.75,0.38075,2105.81,26JUN26,2900,,P,ETH-26JUN26-2900-P
0.0007,0.0009,11306.0,0.000849,1779371062014,100.0,74.02,2106.86,ETH-29MAY26,2105.75,0.0008,2105.81,29MAY26,1700,,P,ETH-29MAY26-1700-P
0.3425,0.4415,0.0,0.384353,1779371062014,0.0,63.99,2162.64,ETH-26MAR27,2105.75,0.392,2105.81,26MAR27,1500,,C,ETH-26MAR27-1500-C
0.0036,0.004,103.0,0.003856,1779371062014,22.0,47.7,2105.75,index_price,2105.75,0.0038,2105.81,23MAY26,2050,,P,ETH-23MAY26-2050-P
0.006,0.007,1604.0,0.006827,1779371062014,1.0,56.03,2122.1,ETH-25SEP26,2105.75,0.0065,2105.81,25SEP26,3800,,C,ETH-25SEP26-3800-C
0.42,0.4295,13309.0,0.424609,1779371062014,0.0,53.84,2107.77,ETH-26JUN26,2105.75,0.42475,2105.81,26JUN26,3000,,P,ETH-26JUN26-3000-P
0.731,0.8755,10.0,0.803599,1779371062014,0.0,99.48,2106.86,ETH-29MAY26,2105.75,0.80325,2105.81,29MAY26,3800,,P,ETH-29MAY26-3800-P
0.006,0.0065,122.0,0.006313,1779371062014,24.0,44.57,2105.75,index_price,2105.75,0.00625,2105.81,23MAY26,2075,,P,ETH-23MAY26-2075-P
0.0002,0.0004,8480.0,0.000267,1779371062014,0.0,64.84,2106.86,ETH-29MAY26,2105.75,0.0003,2105.81,29MAY26,2650,,C,ETH-29MAY26-2650-C
0.0005,0.0008,2712.0,0.000571,1779371062014,382.0,46.05,2105.61,ETH-22MAY26,2105.75,0.00065,2105.81,22MAY26,2175,,C,ETH-22MAY26-2175-C
0.0145,0.016,16784.0,0.015304,1779371062014,2.0,54.43,2122.1,ETH-25SEP26,2105.75,0.01525,2105.81,25SEP26,3300,,C,ETH-25SEP26-3300-C
0.1005,0.102,1189.0,0.101377,1779371062014,206.0,52.17,2112.51,ETH-31JUL26,2105.75,0.10125,2105.81,31JUL26,2150,,P,ETH-31JUL26-2150-P
0.0805,0.0825,406.0,0.082111,1779371062014,0.0,59.08,2162.64,ETH-26MAR27,2105.75,0.0815,2105.81,26MAR27,3300,,C,ETH-26MAR27-3300-C
0.5135,0.5245,2665.0,0.518882,1779371062014,0.0,56.91,2107.77,ETH-26JUN26,2105.75,0.519,2105.81,26JUN26,3200,,P,ETH-26JUN26-3200-P
0.281,0.2895,343.0,0.285079,1779371062014,0.0,49.58,2107.74,ETH-26JUN26,2105.75,0.28525,2105.81,26JUN26,2700,,P,ETH-26JUN26-2700-P
0.097,0.1205,186.0,0.101728,1779371062014,0.0,54.91,2106.89,ETH-29MAY26,2105.75,0.10875,2105.81,29MAY26,1900,,C,ETH-29MAY26-1900-C
0.1495,0.1515,5424.0,0.150315,1779371062014,3.0,55.03,2122.13,ETH-25SEP26,2105.75,0.1505,2105.81,25SEP26,2200,,P,ETH-25SEP26-2200-P
0.1435,0.178,0.0,0.154109,1779371062014,0.0,57.2,2107.05,ETH-12JUN26,2105.75,0.16075,2105.81,12JUN26,1800,,C,ETH-12JUN26-1800-C
0.5175,0.534,1316.0,0.526113,1779371062014,0.0,54.18,2122.13,ETH-25SEP26,2105.75,0.52575,2105.81,25SEP26,3200,,P,ETH-25SEP26-3200-P
0.104,0.106,608.0,0.105463,1779371062014,43.0,59.09,2162.64,ETH-26MAR27,2105.75,0.105,2105.81,26MAR27,3000,,C,ETH-26MAR27-3000-C
0.014,0.015,3.0,0.014794,1779371062014,3.0,53.04,2107.05,ETH-12JUN26,2105.75,0.0145,2105.81,12JUN26,1900,,P,ETH-12JUN26-1900-P
0.0015,0.0017,181.0,0.001635,1779371062014,319.0,52.03,2105.75,index_price,2105.75,0.0016,2105.81,25MAY26,1950,,P,ETH-25MAY26-1950-P
0.012,0.0125,11195.0,0.012539,1779371062014,5.0,71.3,2122.13,ETH-25SEP26,2105.75,0.01225,2105.81,25SEP26,1200,,P,ETH-25SEP26-1200-P
0.0041,0.0046,0.0,0.004444,1779371062014,0.0,43.55,2105.75,index_price,2105.75,0.00435,2105.81,25MAY26,2025,,P,ETH-25MAY26-2025-P
0.12,0.1225,2673.0,0.121218,1779371062014,0.0,59.61,2140.74,ETH-25DEC26,2105.75,0.12125,2105.81,25DEC26,1900,,P,ETH-25DEC26-1900-P
0.09,0.092,55501.0,0.091048,1779371062014,31.0,51.16,2107.74,ETH-26JUN26,2105.75,0.091,2105.81,26JUN26,2000,,C,ETH-26JUN26-2000-C
0.0002,0.0004,1162.0,0.000318,1779371062014,0.0,69.84,2122.1,ETH-25SEP26,2105.75,0.0003,2105.81,25SEP26,7200,,C,ETH-25SEP26-7200-C
0.049,0.1375,0.0,0.092364,1779371062014,0.0,55.52,2105.75,index_price,2105.75,0.09325,2105.81,23MAY26,2300,,P,ETH-23MAY26-2300-P
1.0945,1.271,3442.0,1.182472,1779371062014,0.0,79.93,2107.74,ETH-26JUN26,2105.75,1.18275,2105.81,26JUN26,4600,,P,ETH-26JUN26-4600-P
0.0003,0.0006,1420.0,0.000376,1779371062014,0.0,66.52,2122.13,ETH-25SEP26,2105.75,0.00045,2105.81,25SEP26,6600,,C,ETH-25SEP26-6600-C
0.0004,0.0008,14618.0,0.00054,1779371062014,0.0,98.47,2107.74,ETH-26JUN26,2105.75,0.0006,2105.81,26JUN26,1000,,P,ETH-26JUN26-1000-P
0.0125,0.0135,172.0,0.013022,1779371062014,65.0,41.91,2105.75,index_price,2105.75,0.013,2105.81,23MAY26,2100,,C,ETH-23MAY26-2100-C
0.0001,0.0002,6346.0,0.000143,1779371062014,20.0,104.82,2106.86,ETH-29MAY26,2105.75,0.00015,2105.81,29MAY26,1400,,P,ETH-29MAY26-1400-P
0.004,0.0044,12592.0,0.004237,1779371062014,16.0,68.22,2107.77,ETH-26JUN26,2105.75,0.0042,2105.81,26JUN26,1500,,P,ETH-26JUN26-1500-P
0.0665,0.073,0.0,0.071816,1779371062014,0.0,46.72,2107.05,ETH-12JUN26,2105.75,0.06975,2105.81,12JUN26,2200,,P,ETH-12JUN26-2200-P
1.5505,1.7645,0.0,1.656852,1779371062014,0.0,91.92,2107.77,ETH-26JUN26,2105.75,1.6575,2105.81,26JUN26,5600,,P,ETH-26JUN26-5600-P
0.005,0.0055,388.0,0.00524,1779371062014,408.0,37.41,2105.75,index_price,2105.75,0.00525,2105.81,24MAY26,2150,,C,ETH-24MAY26-2150-C
0.0955,0.0975,355.0,0.096982,1779371062014,100.0,59.08,2162.64,ETH-26MAR27,2105.75,0.0965,2105.81,26MAR27,3100,,C,ETH-26MAR27-3100-C
0.0195,0.021,352.0,0.020031,1779371062014,383.0,37.21,2105.75,index_price,2105.75,0.02025,2105.81,25MAY26,2125,,P,ETH-25MAY26-2125-P
,0.0001,1077.0,0.0,1779371062014,0.0,87.43,2105.64,ETH-22MAY26,2105.75,,2105.81,22MAY26,2800,,C,ETH-22MAY26-2800-C
0.0047,0.0055,14426.0,0.004917,1779371062014,337.0,42.99,2106.86,ETH-29MAY26,2105.75,0.0051,2105.81,29MAY26,2250,,C,ETH-29MAY26-2250-C
0.0001,0.0003,2739.0,0.00015,1779371062014,1362.0,65.84,2105.64,ETH-22MAY26,2105.75,0.0002,2105.81,22MAY26,2250,,C,ETH-22MAY26-2250-C
0.0635,0.0645,303.0,0.06405,1779371062014,0.0,51.39,2112.51,ETH-31JUL26,2105.75,0.064,2105.81,31JUL26,2250,,C,ETH-31JUL26-2250-C
,0.0003,37620.0,5e-06,1779371062014,0.0,91.99,2107.77,ETH-26JUN26,2105.75,,2105.81,26JUN26,6500,,C,ETH-26JUN26-6500-C
0.2095,0.212,2064.0,0.210422,1779371062014,6.0,54.18,2122.1,ETH-25SEP26,2105.75,0.21075,2105.81,25SEP26,2400,,P,ETH-25SEP26-2400-P
0.3885,0.476,39.0,0.398313,1779371062014,0.0,53.95,2122.13,ETH-25SEP26,2105.75,0.43225,2105.81,25SEP26,2900,,P,ETH-25SEP26-2900-P
,0.0001,877.0,6.5e-05,1779371062014,0.0,93.26,2122.13,ETH-25SEP26,2105.75,,2105.81,25SEP26,15000,,C,ETH-25SEP26-15000-C
0.0006,0.0011,1878.0,0.000814,1779371062014,0.0,62.84,2122.13,ETH-25SEP26,2105.75,0.00085,2105.81,25SEP26,5600,,C,ETH-25SEP26-5600-C
5.3755,5.906,0.0,5.642028,1779371062014,0.0,110.0,2107.77,ETH-26JUN26,2105.75,5.64075,2105.81,26JUN26,14000,,P,ETH-26JUN26-14000-P
0.135,0.137,650.0,0.135715,1779371062014,2.0,59.08,2162.64,ETH-26MAR27,2105.75,0.136,2105.81,26MAR27,2700,,C,ETH-26MAR27-2700-C
0.4315,0.447,6406.0,0.439967,1779371062014,0.0,53.95,2122.13,ETH-25SEP26,2105.75,0.43925,2105.81,25SEP26,3000,,P,ETH-25SEP26-3000-P
0.0065,0.0075,148.0,0.007016,1779371062014,150.0,37.18,2105.75,index_price,2105.75,0.007,2105.81,25MAY26,2150,,C,ETH-25MAY26-2150-C
0.6335,0.8155,93.0,0.71518,1779371062014,0.0,57.4,2140.77,ETH-25DEC26,2105.75,0.7245,2105.81,25DEC26,3600,,P,ETH-25DEC26-3600-P
0.0015,0.0018,3853.0,0.001509,1779371062014,0.0,60.78,2122.1,ETH-25SEP26,2105.75,0.00165,2105.81,25SEP26,5000,,C,ETH-25SEP26-5000-C
0.0355,0.037,7870.0,0.036234,1779371062014,0.0,56.75,2112.51,ETH-31JUL26,2105.75,0.03625,2105.81,31JUL26,1800,,P,ETH-31JUL26-1800-P
0.006,0.007,8557.0,0.006396,1779371062014,970.0,42.16,2105.62,ETH-22MAY26,2105.75,0.0065,2105.81,22MAY26,2100,,P,ETH-22MAY26-2100-P
0.0325,0.034,1734.0,0.033573,1779371062014,0.0,57.4,2140.74,ETH-25DEC26,2105.75,0.03325,2105.81,25DEC26,3600,,C,ETH-25DEC26-3600-C
0.001,0.0013,1916.0,0.001062,1779371062014,0.0,68.47,2140.74,ETH-25DEC26,2105.75,0.00115,2105.81,25DEC26,9000,,C,ETH-25DEC26-9000-C
0.0445,0.046,4378.0,0.045786,1779371062014,0.0,53.79,2122.1,ETH-25SEP26,2105.75,0.04525,2105.81,25SEP26,2700,,C,ETH-25SEP26-2700-C
0.0001,0.0002,2797.0,0.000142,1779371062014,1.0,84.67,2122.1,ETH-25SEP26,2105.75,0.00015,2105.81,25SEP26,11000,,C,ETH-25SEP26-11000-C
3.5225,3.9045,0.0,3.712377,1779371062014,0.0,81.67,2122.13,ETH-25SEP26,2105.75,3.7135,2105.81,25SEP26,10000,,P,ETH-25SEP26-10000-P
0.166,0.169,50826.0,0.166719,1779371062014,0.0,58.17,2140.74,ETH-25DEC26,2105.75,0.1675,2105.81,25DEC26,2200,,C,ETH-25DEC26-2200-C
0.2,0.203,341.0,0.201384,1779371062014,2.0,60.38,2162.64,ETH-26MAR27,2105.75,0.2015,2105.81,26MAR27,2100,,P,ETH-26MAR27-2100-P
0.027,0.028,997.0,0.027452,1779371062014,335.0,45.5,2106.45,ETH-5JUN26,2105.75,0.0275,2105.81,5JUN26,2150,,C,ETH-5JUN26-2150-C
0.001,0.0013,4431.0,0.001178,1779371062014,12.0,69.11,2106.86,ETH-29MAY26,2105.75,0.00115,2105.81,29MAY26,1750,,P,ETH-29MAY26-1750-P
0.0085,0.089,0.0,0.046236,1779371062014,0.0,39.05,2105.75,index_price,2105.75,0.04875,2105.81,24MAY26,2200,,P,ETH-24MAY26-2200-P
0.0024,0.003,1440.0,0.002709,1779371062014,289.0,54.56,2112.54,ETH-31JUL26,2105.75,0.0027,2105.81,31JUL26,3400,,C,ETH-31JUL26-3400-C
4.4645,4.9195,55.0,4.693167,1779371062014,0.0,106.04,2107.74,ETH-26JUN26,2105.75,4.692,2105.81,26JUN26,12000,,P,ETH-26JUN26-12000-P
0.0013,0.0016,1055.0,0.001481,1779371062014,536.0,51.6,2105.64,ETH-22MAY26,2105.75,0.00145,2105.81,22MAY26,2050,,P,ETH-22MAY26-2050-P
0.0025,0.003,6295.0,0.002744,1779371062014,400.0,73.18,2107.77,ETH-26JUN26,2105.75,0.00275,2105.81,26JUN26,1400,,P,ETH-26JUN26-1400-P
0.8045,0.994,228.0,0.890592,1779371062014,0.0,57.91,2140.74,ETH-25DEC26,2105.75,0.89925,2105.81,25DEC26,4000,,P,ETH-25DEC26-4000-P
0.009,0.01,11.0,0.00954,1779371062014,11.0,39.43,2105.75,index_price,2105.75,0.0095,2105.81,25MAY26,2075,,P,ETH-25MAY26-2075-P
1.6685,1.9245,0.0,1.787252,1779371062014,0.0,61.5,2162.64,ETH-26MAR27,2105.75,1.7965,2105.81,26MAR27,6000,,P,ETH-26MAR27-6000-P
0.1325,0.156,0.0,0.14536,1779371062014,0.0,91.85,2105.75,index_price,2105.75,0.14425,2105.81,23MAY26,1800,,C,ETH-23MAY26-1800-C
0.4715,0.524,0.0,0.482774,1779371062014,0.0,54.14,2122.13,ETH-25SEP26,2105.75,0.49775,2105.81,25SEP26,3100,,P,ETH-25SEP26-3100-P
0.319,0.325,404.0,0.320918,1779371062014,0.0,62.2,2140.74,ETH-25DEC26,2105.75,0.322,2105.81,25DEC26,1600,,C,ETH-25DEC26-1600-C
0.516,0.564,99.0,0.530388,1779371062014,0.0,59.08,2162.64,ETH-26MAR27,2105.75,0.54,2105.81,26MAR27,3100,,P,ETH-26MAR27-3100-P
0.0135,0.014,644.0,0.01403,1779371062014,644.0,38.2,2105.75,index_price,2105.75,0.01375,2105.81,25MAY26,2100,,P,ETH-25MAY26-2100-P
0.46,0.538,0.0,0.47283,1779371062014,0.0,52.13,2112.51,ETH-31JUL26,2105.75,0.499,2105.81,31JUL26,3100,,P,ETH-31JUL26-3100-P
0.0004,0.0009,1130.0,0.000671,1779371062014,0.0,61.46,2112.54,ETH-31JUL26,2105.75,0.00065,2105.81,31JUL26,4200,,C,ETH-31JUL26-4200-C
4.879,5.3705,0.0,5.125932,1779371062014,0.0,87.58,2122.13,ETH-25SEP26,2105.75,5.12475,2105.81,25SEP26,13000,,P,ETH-25SEP26-13000-P
0.0008,0.0011,1874.0,0.000916,1779371062014,1.0,51.68,2106.48,ETH-5JUN26,2105.75,0.00095,2105.81,5JUN26,2600,,C,ETH-5JUN26-2600-C
0.7185,0.904,26.0,0.80213,1779371062015,0.0,57.59,2140.74,ETH-25DEC26,2105.75,0.81125,2105.81,25DEC26,3800,,P,ETH-25DEC26-3800-P
0.012,0.0135,7367.0,0.012963,1779371062015,1231.0,40.98,2105.64,ETH-22MAY26,2105.75,0.01275,2105.81,22MAY26,2125,,P,ETH-22MAY26-2125-P
0.0014,0.0017,10670.0,0.001646,1779371062015,30.0,64.14,2106.86,ETH-29MAY26,2105.75,0.00155,2105.81,29MAY26,1800,,P,ETH-29MAY26-1800-P
0.0375,0.125,0.0,0.080545,1779371062015,0.0,51.6,2105.75,index_price,2105.75,0.08125,2105.81,23MAY26,2275,,P,ETH-23MAY26-2275-P
0.359,0.3665,0.0,0.362451,1779371062015,0.0,65.45,2122.1,ETH-25SEP26,2105.75,0.36275,2105.81,25SEP26,1400,,C,ETH-25SEP26-1400-C
0.265,0.334,52.0,0.274718,1779371062015,0.0,50.85,2112.54,ETH-31JUL26,2105.75,0.2995,2105.81,31JUL26,2650,,P,ETH-31JUL26-2650-P
0.0165,0.018,1124.0,0.01735,1779371062015,6.0,61.0,2162.66,ETH-26MAR27,2105.75,0.01725,2105.81,26MAR27,5500,,C,ETH-26MAR27-5500-C
0.6955,0.715,547.0,0.705721,1779371062015,0.0,55.36,2122.13,ETH-25SEP26,2105.75,0.70525,2105.81,25SEP26,3600,,P,ETH-25SEP26-3600-P
0.067,0.069,4606.0,0.068311,1779371062015,100.0,62.21,2140.77,ETH-25DEC26,2105.75,0.068,2105.81,25DEC26,1600,,P,ETH-25DEC26-1600-P
0.3675,0.482,0.0,0.424718,1779371062015,0.0,87.43,2105.64,ETH-22MAY26,2105.75,0.42475,2105.81,22MAY26,3000,,P,ETH-22MAY26-3000-P
0.094,0.1865,0.0,0.13976,1779371062015,0.0,70.59,2105.75,index_price,2105.75,0.14025,2105.81,23MAY26,2400,,P,ETH-23MAY26-2400-P
0.3665,0.4815,6.0,0.42391,1779371062015,0.0,73.57,2106.86,ETH-29MAY26,2105.75,0.424,2105.81,29MAY26,3000,,P,ETH-29MAY26-3000-P
0.0002,0.0008,1670.0,0.000388,1779371062015,0.0,69.64,2140.74,ETH-25DEC26,2105.75,0.0005,2105.81,25DEC26,11000,,C,ETH-25DEC26-11000-C
0.1515,0.1585,6460.0,0.155773,1779371062015,81.0,47.98,2107.77,ETH-26JUN26,2105.75,0.155,2105.81,26JUN26,2400,,P,ETH-26JUN26-2400-P
0.412,0.534,0.0,0.471703,1779371062015,0.0,55.5,2107.77,ETH-26JUN26,2105.75,0.473,2105.81,26JUN26,3100,,P,ETH-26JUN26-3100-P
,0.0001,1770.0,1e-06,1779371062015,0.0,97.01,2107.74,ETH-26JUN26,2105.75,,2105.81,26JUN26,8000,,C,ETH-26JUN26-8000-C
0.073,0.1175,50.0,0.087059,1779371062015,50.0,50.81,2106.45,ETH-5JUN26,2105.75,0.09525,2105.81,5JUN26,1950,,C,ETH-5JUN26-1950-C
0.0465,0.06,0.0,0.051866,1779371062015,0.0,55.83,2105.75,index_price,2105.75,0.05325,2105.81,23MAY26,2000,,C,ETH-23MAY26-2000-C
0.025,0.026,1104.0,0.02558,1779371062015,612.0,47.36,2106.45,ETH-5JUN26,2105.75,0.0255,2105.81,5JUN26,2050,,P,ETH-5JUN26-2050-P
0.005,0.006,700.0,0.00543,1779371062015,10.0,52.13,2112.54,ETH-31JUL26,2105.75,0.0055,2105.81,31JUL26,3100,,C,ETH-31JUL26-3100-C
2.1875,2.4545,0.0,2.321016,1779371062015,0.0,91.99,2107.74,ETH-26JUN26,2105.75,2.321,2105.81,26JUN26,7000,,P,ETH-26JUN26-7000-P
0.19,0.2995,112.0,0.234289,1779371062015,0.0,50.72,2112.54,ETH-31JUL26,2105.75,0.24475,2105.81,31JUL26,2550,,P,ETH-31JUL26-2550-P
,0.0001,2371.0,0.0,1779371062015,0.0,82.66,2105.64,ETH-22MAY26,2105.75,,2105.81,22MAY26,2700,,C,ETH-22MAY26-2700-C
0.013,0.058,0.0,0.031534,1779371062015,0.0,42.36,2105.75,index_price,2105.75,0.0355,2105.81,24MAY26,2050,,C,ETH-24MAY26-2050-C
0.061,0.118,0.0,0.080926,1779371062015,0.0,43.59,2105.75,index_price,2105.75,0.0895,2105.81,25MAY26,2275,,P,ETH-25MAY26-2275-P
0.0095,0.0105,5314.0,0.010149,1779371062015,599.0,59.3,2107.77,ETH-26JUN26,2105.75,0.01,2105.81,26JUN26,1700,,P,ETH-26JUN26-1700-P
0.7965,0.8105,1251.0,0.803013,1779371062015,0.0,66.02,2107.77,ETH-26JUN26,2105.75,0.8035,2105.81,26JUN26,3800,,P,ETH-26JUN26-3800-P
0.184,0.1905,710.0,0.187099,1779371062015,0.0,55.09,2106.86,ETH-29MAY26,2105.75,0.18725,2105.81,29MAY26,2500,,P,ETH-29MAY26-2500-P
0.025,0.059,56.0,0.033492,1779371062015,0.0,46.05,2105.64,ETH-22MAY26,2105.75,0.042,2105.81,22MAY26,2175,,P,ETH-22MAY26-2175-P
0.0001,0.0003,1518.0,0.000177,1779371062015,0.0,76.91,2122.13,ETH-25SEP26,2105.75,0.0002,2105.81,25SEP26,9000,,C,ETH-25SEP26-9000-C
0.0028,0.0032,665.0,0.002994,1779371062015,598.0,46.06,2105.62,ETH-22MAY26,2105.75,0.003,2105.81,22MAY26,2075,,P,ETH-22MAY26-2075-P
,0.0001,6547.0,1.6e-05,1779371062015,1.0,91.99,2107.77,ETH-26JUN26,2105.75,,2105.81,26JUN26,6000,,C,ETH-26JUN26-6000-C
0.0875,0.0895,299.0,0.089203,1779371062015,0.0,59.07,2162.64,ETH-26MAR27,2105.75,0.0885,2105.81,26MAR27,3200,,C,ETH-26MAR27-3200-C
0.181,0.228,52.0,0.184195,1779371062015,0.0,56.75,2112.51,ETH-31JUL26,2105.75,0.2045,2105.81,31JUL26,1800,,C,ETH-31JUL26-1800-C
0.0265,0.028,2264.0,0.027101,1779371062015,0.0,57.59,2140.74,ETH-25DEC26,2105.75,0.02725,2105.81,25DEC26,3800,,C,ETH-25DEC26-3800-C
0.0017,0.0022,1808.0,0.001828,1779371062015,1.0,59.8,2122.1,ETH-25SEP26,2105.75,0.00195,2105.81,25SEP26,4800,,C,ETH-25SEP26-4800-C
0.176,0.178,211.0,0.176803,1779371062015,0.0,59.56,2162.64,ETH-26MAR27,2105.75,0.177,2105.81,26MAR27,2400,,C,ETH-26MAR27-2400-C
0.803,1.0135,0.0,0.896524,1779371062015,0.0,59.28,2162.64,ETH-26MAR27,2105.75,0.90825,2105.81,26MAR27,4000,,P,ETH-26MAR27-4000-P
0.0445,0.0455,0.0,0.044919,1779371062015,0.0,47.93,2107.05,ETH-12JUN26,2105.75,0.045,2105.81,12JUN26,2100,,P,ETH-12JUN26-2100-P
0.04,0.062,0.0,0.047131,1779371062015,0.0,38.11,2105.75,index_price,2105.75,0.051,2105.81,25MAY26,2200,,P,ETH-25MAY26-2200-P
0.0047,0.0055,12094.0,0.005089,1779371062015,11.0,56.76,2122.13,ETH-25SEP26,2105.75,0.0051,2105.81,25SEP26,4000,,C,ETH-25SEP26-4000-C
0.134,0.1355,1807.0,0.1348,1779371062015,17.0,55.63,2122.1,ETH-25SEP26,2105.75,0.13475,2105.81,25SEP26,2100,,C,ETH-25SEP26-2100-C
0.1215,0.1265,555.0,0.124145,1779371062015,0.0,53.14,2107.74,ETH-26JUN26,2105.75,0.124,2105.81,26JUN26,1900,,C,ETH-26JUN26-1900-C
0.281,0.2875,1086.0,0.285502,1779371062015,0.0,57.45,2140.74,ETH-25DEC26,2105.75,0.28425,2105.81,25DEC26,2500,,P,ETH-25DEC26-2500-P
0.01,0.011,68327.0,0.010703,1779371062015,2424.0,48.37,2107.77,ETH-26JUN26,2105.75,0.0105,2105.81,26JUN26,2500,,C,ETH-26JUN26-2500-C
0.0455,0.0585,158.0,0.050698,1779371062015,10.0,65.62,2105.64,ETH-22MAY26,2105.75,0.052,2105.81,22MAY26,2000,,C,ETH-22MAY26-2000-C
0.0165,0.017,14896.0,0.017135,1779371062015,306.0,47.98,2107.74,ETH-26JUN26,2105.75,0.01675,2105.81,26JUN26,2400,,C,ETH-26JUN26-2400-C
0.088,0.09,582.0,0.088932,1779371062015,111.0,52.58,2112.51,ETH-31JUL26,2105.75,0.089,2105.81,31JUL26,2100,,P,ETH-31JUL26-2100-P
1.057,1.28,0.0,1.157561,1779371062015,0.0,59.86,2162.64,ETH-26MAR27,2105.75,1.1685,2105.81,26MAR27,4600,,P,ETH-26MAR27-4600-P
0.6795,0.885,0.0,0.770035,1779371062015,0.0,59.09,2162.64,ETH-26MAR27,2105.75,0.78225,2105.81,26MAR27,3700,,P,ETH-26MAR27-3700-P
0.0785,0.0825,311.0,0.080059,1779371062015,0.0,51.24,2106.86,ETH-29MAY26,2105.75,0.0805,2105.81,29MAY26,1950,,C,ETH-29MAY26-1950-C
,0.0001,5029.0,1.9e-05,1779371062015,723.0,82.01,2105.64,ETH-22MAY26,2105.75,,2105.81,22MAY26,2350,,C,ETH-22MAY26-2350-C
0.008,0.009,3686.0,0.008565,1779371062015,336.0,45.47,2106.48,ETH-5JUN26,2105.75,0.0085,2105.81,5JUN26,2300,,C,ETH-5JUN26-2300-C
0.2475,0.3475,69.0,0.289505,1779371062015,0.0,61.14,2140.74,ETH-25DEC26,2105.75,0.2975,2105.81,25DEC26,1700,,C,ETH-25DEC26-1700-C
0.2265,0.23,954.0,0.228406,1779371062015,1.0,60.11,2162.64,ETH-26MAR27,2105.75,0.22825,2105.81,26MAR27,2200,,P,ETH-26MAR27-2200-P
0.0002,0.0004,99.0,0.000257,1779371062015,109.0,57.04,2105.75,index_price,2105.75,0.0003,2105.81,25MAY26,2400,,C,ETH-25MAY26-2400-C
0.0005,0.0006,612.0,0.000642,1779371062015,2.0,63.61,2105.75,index_price,2105.75,0.00055,2105.81,24MAY26,1900,,P,ETH-24MAY26-1900-P
0.0005,0.0008,3264.0,0.000573,1779371062015,0.0,64.24,2122.1,ETH-25SEP26,2105.75,0.00065,2105.81,25SEP26,6000,,C,ETH-25SEP26-6000-C
0.0002,0.0004,114.0,0.000293,1779371062015,131.0,48.47,2105.75,index_price,2105.75,0.0003,2105.81,24MAY26,2300,,C,ETH-24MAY26-2300-C
0.114,0.1205,16976.0,0.116944,1779371062015,2.0,46.13,2106.86,ETH-29MAY26,2105.75,0.11725,2105.81,29MAY26,2350,,P,ETH-29MAY26-2350-P
,0.0001,4597.0,2e-05,1779371062015,1.0,118.82,2106.86,ETH-29MAY26,2105.75,,2105.81,29MAY26,1200,,P,ETH-29MAY26-1200-P
0.536,0.558,252.0,0.547548,1779371062015,0.0,57.32,2140.74,ETH-25DEC26,2105.75,0.547,2105.81,25DEC26,3200,,P,ETH-25DEC26-3200-P
0.0007,0.0013,1174.0,0.000957,1779371062015,0.0,61.93,2122.13,ETH-25SEP26,2105.75,0.001,2105.81,25SEP26,5400,,C,ETH-25SEP26-5400-C
0.0004,0.0007,1688.0,0.000598,1779371062015,0.0,68.75,2140.74,ETH-25DEC26,2105.75,0.00055,2105.81,25DEC26,10000,,C,ETH-25DEC26-10000-C
0.1335,0.136,50.0,0.135067,1779371062015,0.0,54.32,2112.54,ETH-31JUL26,2105.75,0.13475,2105.81,31JUL26,1950,,C,ETH-31JUL26-1950-C
0.0002,0.0004,26178.0,0.000267,1779371062016,43.0,60.15,2106.86,ETH-29MAY26,2105.75,0.0003,2105.81,29MAY26,2600,,C,ETH-29MAY26-2600-C
1.1715,1.3615,110.0,1.263685,1779371062016,0.0,59.8,2122.13,ETH-25SEP26,2105.75,1.2665,2105.81,25SEP26,4800,,P,ETH-25SEP26-4800-P
1.469,1.694,0.0,1.575179,1779371062016,0.0,60.73,2140.74,ETH-25DEC26,2105.75,1.5815,2105.81,25DEC26,5500,,P,ETH-25DEC26-5500-P
0.047,0.0485,653.0,0.048103,1779371062016,383.0,45.5,2106.45,ETH-5JUN26,2105.75,0.04775,2105.81,5JUN26,2150,,P,ETH-5JUN26-2150-P
0.0035,0.0042,2340.0,0.003762,1779371062016,1.0,57.3,2122.1,ETH-25SEP26,2105.75,0.00385,2105.81,25SEP26,4200,,C,ETH-25SEP26-4200-C
0.041,0.1005,0.0,0.057182,1779371062016,0.0,46.03,2105.75,index_price,2105.75,0.07075,2105.81,23MAY26,2225,,P,ETH-23MAY26-2225-P
2.0965,2.356,1.0,2.226131,1779371062016,0.0,91.99,2107.74,ETH-26JUN26,2105.75,2.22625,2105.81,26JUN26,6800,,P,ETH-26JUN26-6800-P
0.026,0.049,20.0,0.034772,1779371062016,18.0,41.45,2105.75,index_price,2105.75,0.0375,2105.81,23MAY26,2175,,P,ETH-23MAY26-2175-P
,0.0001,10115.0,0.0,1779371062016,1.0,82.13,2105.64,ETH-22MAY26,2105.75,,2105.81,22MAY26,2500,,C,ETH-22MAY26-2500-C
,0.0001,8107.0,0.0,1779371062016,0.0,82.13,2105.64,ETH-22MAY26,2105.75,,2105.81,22MAY26,2600,,C,ETH-22MAY26-2600-C
0.026,0.0275,11212.0,0.026962,1779371062016,430.0,43.56,2106.86,ETH-29MAY26,2105.75,0.02675,2105.81,29MAY26,2100,,C,ETH-29MAY26-2100-C
1.4485,1.692,0.0,1.560491,1779371062016,0.0,61.0,2162.64,ETH-26MAR27,2105.75,1.57025,2105.81,26MAR27,5500,,P,ETH-26MAR27-5500-P
0.0003,0.0004,90.0,0.000361,1779371062016,90.0,71.44,2105.75,index_price,2105.75,0.00035,2105.81,25MAY26,1800,,P,ETH-25MAY26-1800-P
0.414,0.4735,4.0,0.416668,1779371062016,0.0,65.04,2162.64,ETH-26MAR27,2105.75,0.44375,2105.81,26MAR27,1400,,C,ETH-26MAR27-1400-C
0.083,0.1455,0.0,0.106666,1779371062016,0.0,46.68,2107.05,ETH-12JUN26,2105.75,0.11425,2105.81,12JUN26,2300,,P,ETH-12JUN26-2300-P
0.103,0.134,50.0,0.107178,1779371062016,0.0,53.4,2106.48,ETH-5JUN26,2105.75,0.1185,2105.81,5JUN26,1900,,C,ETH-5JUN26-1900-C
,0.0002,1153.0,5.6e-05,1779371062016,0.0,80.66,2107.77,ETH-26JUN26,2105.75,,2105.81,26JUN26,4800,,C,ETH-26JUN26-4800-C
0.0002,0.0005,7088.0,0.000251,1779371062016,3.0,62.78,2107.77,ETH-26JUN26,2105.75,0.00035,2105.81,26JUN26,3600,,C,ETH-26JUN26-3600-C
0.0003,0.0005,858.0,0.000386,1779371062016,370.0,73.22,2105.75,index_price,2105.75,0.0004,2105.81,23MAY26,1900,,P,ETH-23MAY26-1900-P
0.0033,0.0036,11620.0,0.003527,1779371062016,544.0,54.91,2106.86,ETH-29MAY26,2105.75,0.00345,2105.81,29MAY26,1900,,P,ETH-29MAY26-1900-P
0.1405,0.1475,2736.0,0.144889,1779371062016,52.0,51.35,2112.54,ETH-31JUL26,2105.75,0.144,2105.81,31JUL26,2300,,P,ETH-31JUL26-2300-P
0.0925,0.0945,902.0,0.093912,1779371062016,0.0,63.16,2162.64,ETH-26MAR27,2105.75,0.0935,2105.81,26MAR27,1600,,P,ETH-26MAR27-1600-P
1.0495,1.223,406.0,1.135046,1779371062016,0.0,79.02,2107.77,ETH-26JUN26,2105.75,1.13625,2105.81,26JUN26,4500,,P,ETH-26JUN26-4500-P
0.702,0.7155,2601.0,0.708201,1779371062016,0.0,62.78,2107.77,ETH-26JUN26,2105.75,0.70875,2105.81,26JUN26,3600,,P,ETH-26JUN26-3600-P
0.0028,0.0032,1.0,0.003101,1779371062016,1.0,46.12,2105.75,index_price,2105.75,0.003,2105.81,25MAY26,2000,,P,ETH-25MAY26-2000-P
0.1165,0.1185,21353.0,0.117711,1779371062016,0.0,57.45,2140.74,ETH-25DEC26,2105.75,0.1175,2105.81,25DEC26,2500,,C,ETH-25DEC26-2500-C
0.041,0.0425,3948.0,0.042317,1779371062016,55.0,50.97,2112.51,ETH-31JUL26,2105.75,0.04175,2105.81,31JUL26,2400,,C,ETH-31JUL26-2400-C
0.282,0.2885,298.0,0.286537,1779371062016,2.0,59.56,2162.64,ETH-26MAR27,2105.75,0.28525,2105.81,26MAR27,2400,,P,ETH-26MAR27-2400-P
0.0205,0.059,76.0,0.026104,1779371062016,76.0,37.41,2105.75,index_price,2105.75,0.03975,2105.81,24MAY26,2150,,P,ETH-24MAY26-2150-P
0.1565,0.164,351.0,0.1613,1779371062016,0.0,51.19,2112.51,ETH-31JUL26,2105.75,0.16025,2105.81,31JUL26,2350,,P,ETH-31JUL26-2350-P
0.049,0.0505,1778.0,0.049878,1779371062016,2.0,55.05,2112.51,ETH-31JUL26,2105.75,0.04975,2105.81,31JUL26,1900,,P,ETH-31JUL26-1900-P
1.9145,2.159,31.0,2.036362,1779371062016,0.0,91.99,2107.77,ETH-26JUN26,2105.75,2.03675,2105.81,26JUN26,6400,,P,ETH-26JUN26-6400-P
0.001,0.0014,8917.0,0.001205,1779371062016,4.0,84.75,2107.77,ETH-26JUN26,2105.75,0.0012,2105.81,26JUN26,1200,,P,ETH-26JUN26-1200-P
1.691,1.933,0.0,1.806989,1779371062016,0.0,61.85,2140.74,ETH-25DEC26,2105.75,1.812,2105.81,25DEC26,6000,,P,ETH-25DEC26-6000-P
,0.0001,3719.0,0.0,1779371062016,0.0,99.48,2106.86,ETH-29MAY26,2105.75,,2105.81,29MAY26,4000,,C,ETH-29MAY26-4000-C
0.279,0.3895,9.0,0.325546,1779371062016,0.0,62.39,2162.64,ETH-26MAR27,2105.75,0.33425,2105.81,26MAR27,1700,,C,ETH-26MAR27-1700-C
0.2765,0.3825,0.0,0.329737,1779371062016,0.0,87.43,2105.64,ETH-22MAY26,2105.75,0.3295,2105.81,22MAY26,2800,,P,ETH-22MAY26-2800-P
0.3315,0.353,0.0,0.33566,1779371062016,0.0,104.82,2106.86,ETH-29MAY26,2105.75,0.34225,2105.81,29MAY26,1400,,C,ETH-29MAY26-1400-C
0.0165,0.0175,2300.0,0.017368,1779371062016,12.0,50.78,2112.51,ETH-31JUL26,2105.75,0.017,2105.81,31JUL26,2700,,C,ETH-31JUL26-2700-C
0.0135,0.035,125.0,0.017564,1779371062016,31.0,46.06,2105.64,ETH-22MAY26,2105.75,0.02425,2105.81,22MAY26,2075,,C,ETH-22MAY26-2075-C
0.0019,0.0023,236.0,0.002177,1779371062016,215.0,48.41,2105.75,index_price,2105.75,0.0021,2105.81,24MAY26,2000,,P,ETH-24MAY26-2000-P
0.0037,0.004,683.0,0.003843,1779371062016,387.0,40.69,2105.75,index_price,2105.75,0.00385,2105.81,23MAY26,2150,,C,ETH-23MAY26-2150-C
0.1005,0.102,13628.0,0.101314,1779371062016,0.0,56.35,2122.1,ETH-25SEP26,2105.75,0.10125,2105.81,25SEP26,2000,,P,ETH-25SEP26-2000-P
0.0355,0.037,19016.0,0.036449,1779371062016,1585.0,42.36,2106.86,ETH-29MAY26,2105.75,0.03625,2105.81,29MAY26,2150,,P,ETH-29MAY26-2150-P
0.043,0.045,10731.0,0.043992,1779371062016,900.0,64.92,2140.74,ETH-25DEC26,2105.75,0.044,2105.81,25DEC26,1400,,P,ETH-25DEC26-1400-P
,0.0001,45168.0,4.1e-05,1779371062016,0.0,90.37,2107.77,ETH-26JUN26,2105.75,,2105.81,26JUN26,5500,,C,ETH-26JUN26-5500-C
2.0055,2.2575,0.0,2.131246,1779371062016,0.0,91.99,2107.77,ETH-26JUN26,2105.75,2.1315,2105.81,26JUN26,6600,,P,ETH-26JUN26-6600-P
0.0635,0.065,3679.0,0.064225,1779371062016,110.0,58.33,2122.1,ETH-25SEP26,2105.75,0.06425,2105.81,25SEP26,1800,,P,ETH-25SEP26-1800-P
3.035,3.3805,0.0,3.205078,1779371062016,0.0,68.47,2140.74,ETH-25DEC26,2105.75,3.20775,2105.81,25DEC26,9000,,P,ETH-25DEC26-9000-P
1.459,1.666,15.0,1.561966,1779371062016,0.0,88.82,2107.77,ETH-26JUN26,2105.75,1.5625,2105.81,26JUN26,5400,,P,ETH-26JUN26-5400-P
0.1855,0.284,2.0,0.234756,1779371062016,0.0,82.13,2105.61,ETH-22MAY26,2105.75,0.23475,2105.81,22MAY26,2600,,P,ETH-22MAY26-2600-P
0.0022,0.0025,534.0,0.00244,1779371062016,354.0,51.53,2105.75,index_price,2105.75,0.00235,2105.81,23MAY26,2025,,P,ETH-23MAY26-2025-P
0.012,0.013,8781.0,0.012433,1779371062016,0.0,58.82,2140.74,ETH-25DEC26,2105.75,0.0125,2105.81,25DEC26,4600,,C,ETH-25DEC26-4600-C
3.483,3.865,0.0,3.671727,1779371062016,0.0,68.75,2140.74,ETH-25DEC26,2105.75,3.674,2105.81,25DEC26,10000,,P,ETH-25DEC26-10000-P
0.174,0.2355,19.0,0.187265,1779371062016,0.0,82.13,2105.64,ETH-22MAY26,2105.75,0.20475,2105.81,22MAY26,2500,,P,ETH-22MAY26-2500-P
0.545,0.6085,0.0,0.568849,1779371062016,0.0,59.07,2162.64,ETH-26MAR27,2105.75,0.57675,2105.81,26MAR27,3200,,P,ETH-26MAR27-3200-P
0.1475,0.1495,804.0,0.148419,1779371062016,0.0,59.27,2162.64,ETH-26MAR27,2105.75,0.1485,2105.81,26MAR27,2600,,C,ETH-26MAR27-2600-C
0.0655,0.067,3610.0,0.066598,1779371062016,0.0,54.13,2122.1,ETH-25SEP26,2105.75,0.06625,2105.81,25SEP26,2500,,C,ETH-25SEP26-2500-C
0.0004,0.0005,16576.0,0.000379,1779371062016,134.0,57.86,2106.86,ETH-29MAY26,2105.75,0.00045,2105.81,29MAY26,2550,,C,ETH-29MAY26-2550-C
0.273,0.285,8354.0,0.28036,1779371062016,0.0,53.89,2122.13,ETH-25SEP26,2105.75,0.279,2105.81,25SEP26,2600,,P,ETH-25SEP26-2600-P
0.1925,0.2005,5138.0,0.196779,1779371062016,0.0,48.37,2107.74,ETH-26JUN26,2105.75,0.1965,2105.81,26JUN26,2500,,P,ETH-26JUN26-2500-P
0.822,0.9745,0.0,0.898524,1779371062016,0.0,99.48,2106.86,ETH-29MAY26,2105.75,0.89825,2105.81,29MAY26,4000,,P,ETH-29MAY26-4000-P
,0.0003,2198.0,1e-06,1779371062016,0.0,92.0,2107.74,ETH-26JUN26,2105.75,,2105.81,26JUN26,7400,,C,ETH-26JUN26-7400-C
0.1715,0.1795,137.0,0.178385,1779371062016,2.0,50.97,2112.51,ETH-31JUL26,2105.75,0.1755,2105.81,31JUL26,2400,,P,ETH-31JUL26-2400-P
0.1475,0.155,50.0,0.150501,1779371062016,0.0,55.05,2112.51,ETH-31JUL26,2105.75,0.15125,2105.81,31JUL26,1900,,C,ETH-31JUL26-1900-C
0.0002,0.0003,18325.0,0.000229,1779371062016,11.0,68.17,2106.86,ETH-29MAY26,2105.75,0.00025,2105.81,29MAY26,2700,,C,ETH-29MAY26-2700-C
0.093,0.106,0.0,0.098801,1779371062016,0.0,58.18,2105.75,index_price,2105.75,0.0995,2105.81,25MAY26,1900,,C,ETH-25MAY26-1900-C
0.0015,0.0018,2476.0,0.0016,1779371062016,0.0,66.63,2140.77,ETH-25DEC26,2105.75,0.00165,2105.81,25DEC26,8000,,C,ETH-25DEC26-8000-C
0.1975,0.261,138.0,0.210688,1779371062016,0.0,57.86,2106.89,ETH-29MAY26,2105.75,0.22925,2105.81,29MAY26,2550,,P,ETH-29MAY26-2550-P
0.0505,0.0545,13805.0,0.053183,1779371062016,25.0,42.31,2106.86,ETH-29MAY26,2105.75,0.0525,2105.81,29MAY26,2200,,P,ETH-29MAY26-2200-P
0.04,0.0425,5596.0,0.041513,1779371062016,500.0,44.95,2106.86,ETH-29MAY26,2105.75,0.04125,2105.81,29MAY26,2050,,C,ETH-29MAY26-2050-C
1.8235,2.06,18.0,1.94148,1779371062016,0.0,91.99,2107.74,ETH-26JUN26,2105.75,1.94175,2105.81,26JUN26,6200,,P,ETH-26JUN26-6200-P
0.1305,0.1625,0.0,0.145721,1779371062016,0.0,71.44,2105.75,index_price,2105.75,0.1465,2105.81,25MAY26,1800,,C,ETH-25MAY26-1800-C
,0.0002,78.0,0.000134,1779371062016,79.0,61.39,2105.75,index_price,2105.75,,2105.81,24MAY26,2400,,C,ETH-24MAY26-2400-C
0.0265,0.113,0.0,0.068966,1779371062016,0.0,43.3,2105.75,index_price,2105.75,0.06975,2105.81,24MAY26,2250,,P,ETH-24MAY26-2250-P
0.655,0.6675,3282.0,0.660827,1779371062016,0.0,61.41,2107.74,ETH-26JUN26,2105.75,0.66125,2105.81,26JUN26,3500,,P,ETH-26JUN26-3500-P
0.4895,0.5375,0.0,0.507113,1779371062016,0.0,57.27,2140.77,ETH-25DEC26,2105.75,0.5135,2105.81,25DEC26,3100,,P,ETH-25DEC26-3100-P
,0.0003,963.0,1e-06,1779371062016,0.0,91.99,2107.77,ETH-26JUN26,2105.75,,2105.81,26JUN26,7200,,C,ETH-26JUN26-7200-C
0.0032,0.0035,1972.0,0.003234,1779371062016,0.0,63.11,2140.77,ETH-25DEC26,2105.75,0.00335,2105.81,25DEC26,6500,,C,ETH-25DEC26-6500-C
0.054,0.0555,759.0,0.054632,1779371062016,0.0,59.11,2162.64,ETH-26MAR27,2105.75,0.05475,2105.81,26MAR27,3800,,C,ETH-26MAR27-3800-C
0.0705,0.0825,0.0,0.075776,1779371062016,0.0,52.03,2105.75,index_price,2105.75,0.0765,2105.81,25MAY26,1950,,C,ETH-25MAY26-1950-C
0.0005,0.0007,761.0,0.000587,1779371062016,17.0,64.04,2112.54,ETH-31JUL26,2105.75,0.0006,2105.81,31JUL26,4400,,C,ETH-31JUL26-4400-C
0.0285,0.03,9374.0,0.029253,1779371062016,58.0,63.12,2122.13,ETH-25SEP26,2105.75,0.02925,2105.81,25SEP26,1500,,P,ETH-25SEP26-1500-P
0.0485,0.0715,0.0,0.053502,1779371062016,0.0,46.12,2105.75,index_price,2105.75,0.06,2105.81,25MAY26,2000,,C,ETH-25MAY26-2000-C
0.077,0.0785,336.0,0.077713,1779371062016,1.0,53.15,2112.51,ETH-31JUL26,2105.75,0.07775,2105.81,31JUL26,2050,,P,ETH-31JUL26-2050-P
0.2495,0.254,1585.0,0.253365,1779371062016,60.0,57.64,2140.77,ETH-25DEC26,2105.75,0.25175,2105.81,25DEC26,2400,,P,ETH-25DEC26-2400-P
0.0825,0.112,0.0,0.098484,1779371062016,0.0,63.61,2105.75,index_price,2105.75,0.09725,2105.81,24MAY26,1900,,C,ETH-24MAY26-1900-C
0.07,0.0745,19647.0,0.072836,1779371062016,10.0,42.99,2106.86,ETH-29MAY26,2105.75,0.07225,2105.81,29MAY26,2250,,P,ETH-29MAY26-2250-P
0.7265,0.877,0.0,0.799967,1779371062016,0.0,57.81,2112.51,ETH-31JUL26,2105.75,0.80175,2105.81,31JUL26,3800,,P,ETH-31JUL26-3800-P
0.02,0.021,0.0,0.02066,1779371062016,0.0,46.7,2107.05,ETH-12JUN26,2105.75,0.0205,2105.81,12JUN26,2250,,C,ETH-12JUN26-2250-C
0.608,0.62,5651.0,0.613549,1779371062016,0.0,61.1,2107.77,ETH-26JUN26,2105.75,0.614,2105.81,26JUN26,3400,,P,ETH-26JUN26-3400-P
0.255,0.2585,1066.0,0.256647,1779371062016,1.0,59.79,2162.64,ETH-26MAR27,2105.75,0.25675,2105.81,26MAR27,2300,,P,ETH-26MAR27-2300-P
0.289,0.3085,162.0,0.292591,1779371062016,0.0,68.22,2107.74,ETH-26JUN26,2105.75,0.29875,2105.81,26JUN26,1500,,C,ETH-26JUN26-1500-C
0.1105,0.1125,1155.0,0.111608,1779371062016,1.0,62.39,2162.64,ETH-26MAR27,2105.75,0.1115,2105.81,26MAR27,1700,,P,ETH-26MAR27-1700-P
,0.0001,2742.0,5e-06,1779371062016,0.0,99.48,2106.89,ETH-29MAY26,2105.75,,2105.81,29MAY26,3600,,C,ETH-29MAY26-3600-C
0.119,0.142,50.0,0.124293,1779371062016,0.0,59.35,2106.89,ETH-29MAY26,2105.75,0.1305,2105.81,29MAY26,1850,,C,ETH-29MAY26-1850-C
0.0395,0.0865,0.0,0.06379,1779371062016,0.0,52.21,2105.75,index_price,2105.75,0.063,2105.81,24MAY26,1975,,C,ETH-24MAY26-1975-C
,0.0002,1351.0,7.6e-05,1779371062016,0.0,84.68,2122.13,ETH-25SEP26,2105.75,,2105.81,25SEP26,12000,,C,ETH-25SEP26-12000-C
0.038,0.0395,398.0,0.038723,1779371062016,312.0,46.4,2106.45,ETH-5JUN26,2105.75,0.03875,2105.81,5JUN26,2100,,C,ETH-5JUN26-2100-C
0.887,1.1015,0.0,0.982521,1779371062016,0.0,59.44,2162.64,ETH-26MAR27,2105.75,0.99425,2105.81,26MAR27,4200,,P,ETH-26MAR27-4200-P
,0.0003,1888.0,4e-06,1779371062016,0.0,91.99,2107.77,ETH-26JUN26,2105.75,,2105.81,26JUN26,6600,,C,ETH-26JUN26-6600-C
0.018,0.019,3560.0,0.018458,1779371062016,108.0,61.39,2112.54,ETH-31JUL26,2105.75,0.0185,2105.81,31JUL26,1600,,P,ETH-31JUL26-1600-P
0.0006,0.001,4884.0,0.000715,1779371062016,0.0,63.88,2122.13,ETH-25SEP26,2105.75,0.0008,2105.81,25SEP26,5800,,C,ETH-25SEP26-5800-C
0.2325,0.236,67.0,0.233696,1779371062016,0.0,59.61,2140.74,ETH-25DEC26,2105.75,0.23425,2105.81,25DEC26,1900,,C,ETH-25DEC26-1900-C
0.0003,0.0005,570.0,0.000357,1779371062016,53.0,49.27,2105.75,index_price,2105.75,0.0004,2105.81,23MAY26,2250,,C,ETH-23MAY26-2250-C
0.025,0.026,4814.0,0.02568,1779371062017,377.0,71.59,2162.64,ETH-26MAR27,2105.75,0.0255,2105.81,26MAR27,1000,,P,ETH-26MAR27-1000-P
0.025,0.029,5000.0,0.027835,1779371062017,5000.0,37.18,2105.75,index_price,2105.75,0.027,2105.81,25MAY26,2150,,P,ETH-25MAY26-2150-P
0.2455,0.25,1764.0,0.247486,1779371062017,0.0,63.65,2107.74,ETH-26JUN26,2105.75,0.24775,2105.81,26JUN26,1600,,C,ETH-26JUN26-1600-C
0.1285,0.13,602.0,0.129113,1779371062017,98.0,51.39,2112.51,ETH-31JUL26,2105.75,0.12925,2105.81,31JUL26,2250,,P,ETH-31JUL26-2250-P
,0.0002,7409.0,9.4e-05,1779371062017,1.0,71.78,2107.77,ETH-26JUN26,2105.75,,2105.81,26JUN26,4200,,C,ETH-26JUN26-4200-C
2.4155,2.7015,0.0,2.55823,1779371062017,0.0,92.42,2107.77,ETH-26JUN26,2105.75,2.5585,2105.81,26JUN26,7500,,P,ETH-26JUN26-7500-P
0.14,0.152,1.0,0.14517,1779371062017,0.0,93.36,2105.62,ETH-22MAY26,2105.75,0.146,2105.81,22MAY26,1800,,C,ETH-22MAY26-1800-C
0.427,0.4415,8.0,0.430463,1779371062017,0.0,118.82,2106.86,ETH-29MAY26,2105.75,0.43425,2105.81,29MAY26,1200,,C,ETH-29MAY26-1200-C
0.189,0.214,77.0,0.193976,1779371062017,0.0,74.02,2106.86,ETH-29MAY26,2105.75,0.2015,2105.81,29MAY26,1700,,C,ETH-29MAY26-1700-C
0.412,0.4245,8.0,0.419465,1779371062017,0.0,59.09,2162.64,ETH-26MAR27,2105.75,0.41825,2105.81,26MAR27,2800,,P,ETH-26MAR27-2800-P
0.151,0.2105,116.0,0.16352,1779371062017,0.0,82.13,2105.64,ETH-22MAY26,2105.75,0.18075,2105.81,22MAY26,2450,,P,ETH-22MAY26-2450-P
0.1315,0.1335,12377.0,0.132293,1779371062017,120.0,57.64,2140.74,ETH-25DEC26,2105.75,0.1325,2105.81,25DEC26,2400,,C,ETH-25DEC26-2400-C
0.027,0.0285,0.0,0.027722,1779371062017,0.0,46.72,2107.05,ETH-12JUN26,2105.75,0.02775,2105.81,12JUN26,2200,,C,ETH-12JUN26-2200-C
0.0825,0.0845,16450.0,0.083597,1779371062017,222.0,61.14,2140.77,ETH-25DEC26,2105.75,0.0835,2105.81,25DEC26,1700,,P,ETH-25DEC26-1700-P
2.844,3.169,0.0,3.005549,1779371062017,0.0,74.26,2122.13,ETH-25SEP26,2105.75,3.0065,2105.81,25SEP26,8500,,P,ETH-25SEP26-8500-P
0.0155,0.0165,15344.0,0.015988,1779371062017,1396.0,42.36,2106.86,ETH-29MAY26,2105.75,0.016,2105.81,29MAY26,2150,,C,ETH-29MAY26-2150-C
0.137,0.1435,7422.0,0.140106,1779371062017,8.0,48.7,2106.89,ETH-29MAY26,2105.75,0.14025,2105.81,29MAY26,2400,,P,ETH-29MAY26-2400-P
,0.0002,125.0,0.000134,1779371062017,79.0,91.85,2105.75,index_price,2105.75,,2105.81,23MAY26,1800,,P,ETH-23MAY26-1800-P
1.368,1.567,360.0,1.46708,1779371062017,0.0,85.59,2107.77,ETH-26JUN26,2105.75,1.4675,2105.81,26JUN26,5200,,P,ETH-26JUN26-5200-P
0.999,1.1705,0.0,1.083349,1779371062017,0.0,64.04,2112.54,ETH-31JUL26,2105.75,1.08475,2105.81,31JUL26,4400,,P,ETH-31JUL26-4400-P
,0.0002,17244.0,5.1e-05,1779371062017,0.0,83.68,2107.77,ETH-26JUN26,2105.75,,2105.81,26JUN26,5000,,C,ETH-26JUN26-5000-C
0.0565,0.058,158.0,0.057409,1779371062017,158.0,47.3,2107.05,ETH-12JUN26,2105.75,0.05725,2105.81,12JUN26,2150,,P,ETH-12JUN26-2150-P
0.1555,0.2165,0.0,0.165592,1779371062017,0.0,47.56,2106.45,ETH-5JUN26,2105.75,0.186,2105.81,5JUN26,2450,,P,ETH-5JUN26-2450-P
0.034,0.035,2.0,0.034652,1779371062017,2.0,48.9,2107.05,ETH-12JUN26,2105.75,0.0345,2105.81,12JUN26,2050,,P,ETH-12JUN26-2050-P
0.079,0.0805,3795.0,0.079482,1779371062017,12.0,54.18,2122.1,ETH-25SEP26,2105.75,0.07975,2105.81,25SEP26,2400,,C,ETH-25SEP26-2400-C
0.1135,0.1155,903.0,0.114697,1779371062017,0.0,59.09,2162.64,ETH-26MAR27,2105.75,0.1145,2105.81,26MAR27,2900,,C,ETH-26MAR27-2900-C
0.0039,0.0047,10719.0,0.004311,1779371062017,0.0,61.85,2140.77,ETH-25DEC26,2105.75,0.0043,2105.81,25DEC26,6000,,C,ETH-25DEC26-6000-C
0.0004,0.0005,9232.0,0.000463,1779371062017,26.0,84.2,2106.86,ETH-29MAY26,2105.75,0.00045,2105.81,29MAY26,1600,,P,ETH-29MAY26-1600-P
0.0225,0.0235,1681.0,0.023443,1779371062017,73.0,50.7,2112.54,ETH-31JUL26,2105.75,0.023,2105.81,31JUL26,2600,,C,ETH-31JUL26-2600-C
0.008,0.009,69.0,0.008368,1779371062017,69.0,57.2,2107.05,ETH-12JUN26,2105.75,0.0085,2105.81,12JUN26,1800,,P,ETH-12JUN26-1800-P
0.092,0.1055,0.0,0.09811,1779371062017,0.0,73.22,2105.75,index_price,2105.75,0.09875,2105.81,23MAY26,1900,,C,ETH-23MAY26-1900-C
0.012,0.013,5776.0,0.013154,1779371062017,0.0,51.28,2112.51,ETH-31JUL26,2105.75,0.0125,2105.81,31JUL26,2800,,C,ETH-31JUL26-2800-C
,0.0002,4978.0,0.000108,1779371062017,0.0,79.02,2107.74,ETH-26JUN26,2105.75,,2105.81,26JUN26,4500,,C,ETH-26JUN26-4500-C
